case_id,category,difficulty,failure_class,failure_class_cn,repair_attempted,repair_rescued,rolled_back_to_best,returned_best,initial_pass,initial_fail,initial_total,best_pass,best_fail,best_total,best_pass_ratio,timed_out,remediation_bucket,rescue_potential,failure_reason,next_action,primary_log,all_logs,error_msg
cvdp_copilot_64b66b_decoder_0011,cid002,medium,functional,功能语义失败,True,False,True,True,5,5,10,8,2,10,0.80,False,near_miss_repair,高可补救,assert 18374403900871474942 == 506381209866536711,按近似程度分层：near-miss 用 focused harness + targeted invariant repair；zero-pass/大范围失败优先 agentic debug 或 pass@k；最后再判 finetune。,/mnt/disk9/tianfeng/cvdp/cvdp_benchmark/research_outputs/two_stage_thinking_codegen/runs/full_codegen_t4_funnel_fixed_env/cvdp_copilot_64b66b_decoder/reports/11_repair_1.txt,/mnt/disk9/tianfeng/cvdp/cvdp_benchmark/research_outputs/two_stage_thinking_codegen/runs/full_codegen_t4_funnel_fixed_env/cvdp_copilot_64b66b_decoder/reports/11_repair_1.txt,
cvdp_copilot_64b66b_encoder_0009,cid004,medium,functional,功能语义失败,True,False,True,False,7,6,13,10,3,13,0.77,False,semantic_repair_or_passk,中等可补救,assert 40568425447074609920 == 40630856516737433600,按近似程度分层：near-miss 用 focused harness + targeted invariant repair；zero-pass/大范围失败优先 agentic debug 或 pass@k；最后再判 finetune。,/mnt/disk9/tianfeng/cvdp/cvdp_benchmark/research_outputs/two_stage_thinking_codegen/runs/full_codegen_t4_funnel_fixed_env/cvdp_copilot_64b66b_encoder/reports/9_repair_2.txt,/mnt/disk9/tianfeng/cvdp/cvdp_benchmark/research_outputs/two_stage_thinking_codegen/runs/full_codegen_t4_funnel_fixed_env/cvdp_copilot_64b66b_encoder/reports/9_repair_2.txt,
cvdp_copilot_64b66b_encoder_0022,cid007,medium,functional_and_synth_optimization,功能+综合优化失败,True,False,True,False,10,4,14,11,3,14,0.79,False,split_functional_synth,中等可补救,assert 39055348948860899102 == 39072237447463538462,拆开处理：先确认功能剩余失败，再单独给综合优化目标和 Yosys diff 做 repair；不要把 synth 优化失败混入功能能力判断。,/mnt/disk9/tianfeng/cvdp/cvdp_benchmark/research_outputs/two_stage_thinking_codegen/runs/full_codegen_t4_funnel_fixed_env/cvdp_copilot_64b66b_encoder/reports/22_repair_2_sanity.txt,/mnt/disk9/tianfeng/cvdp/cvdp_benchmark/research_outputs/two_stage_thinking_codegen/runs/full_codegen_t4_funnel_fixed_env/cvdp_copilot_64b66b_encoder/reports/22_repair_2_sanity.txt;/mnt/disk9/tianfeng/cvdp/cvdp_benchmark/research_outputs/two_stage_thinking_codegen/runs/full_codegen_t4_funnel_fixed_env/cvdp_copilot_64b66b_encoder/reports/22_repair_2_synth.txt,
cvdp_copilot_8x3_priority_encoder_0013,cid004,easy,compile_elab,编译/展开失败,True,False,True,True,0,6,6,0,6,6,0.00,False,compile_repair,高可补救,"subprocess.CalledProcessError: Command '['iverilog', '-o', '/code/rundir/sim_build/sim.vvp', '-s', 'cascaded_encoder', '-g2012', '-Pcascaded_encoder.N=4', '-Pcascaded_encoder.M=2', '-f', '/code/rundir/sim_build/cmds.f', '/code/rtl/cascaded_encoder.v']' returned non-zero exit stat",优先自动补救：做 compile/elab-only repair，向模型提供 iverilog 命令、顶层名、参数化实例和首个报错；这类通常比语义失败更可救。,/mnt/disk9/tianfeng/cvdp/cvdp_benchmark/research_outputs/two_stage_thinking_codegen/runs/full_codegen_t4_funnel_fixed_env/cvdp_copilot_8x3_priority_encoder/reports/13.txt,/mnt/disk9/tianfeng/cvdp/cvdp_benchmark/research_outputs/two_stage_thinking_codegen/runs/full_codegen_t4_funnel_fixed_env/cvdp_copilot_8x3_priority_encoder/reports/13.txt,
cvdp_copilot_Carry_Lookahead_Adder_0005,cid016,easy,functional,功能语义失败,True,False,True,True,0,1,1,0,1,1,0.00,False,agentic_or_passk,较难,assert 2605134277 == 1218168113,按近似程度分层：near-miss 用 focused harness + targeted invariant repair；zero-pass/大范围失败优先 agentic debug 或 pass@k；最后再判 finetune。,/mnt/disk9/tianfeng/cvdp/cvdp_benchmark/research_outputs/two_stage_thinking_codegen/runs/full_codegen_t4_funnel_fixed_env/cvdp_copilot_Carry_Lookahead_Adder/reports/5.txt,/mnt/disk9/tianfeng/cvdp/cvdp_benchmark/research_outputs/two_stage_thinking_codegen/runs/full_codegen_t4_funnel_fixed_env/cvdp_copilot_Carry_Lookahead_Adder/reports/5.txt,
cvdp_copilot_MSHR_0001,cid002,medium,compile_elab,编译/展开失败,True,False,True,True,0,10,10,0,10,10,0.00,False,compile_repair,高可补救,"subprocess.CalledProcessError: Command '['iverilog', '-o', '/code/rundir/sim_build/sim.vvp', '-s', 'cache_mshr', '-g2012', '-Pcache_mshr.MSHR_SIZE=4', '-f', '/code/rundir/sim_build/cmds.f', '/code/rtl/cache_mshr.sv']' returned non-zero exit status 1.",优先自动补救：做 compile/elab-only repair，向模型提供 iverilog 命令、顶层名、参数化实例和首个报错；这类通常比语义失败更可救。,/mnt/disk9/tianfeng/cvdp/cvdp_benchmark/research_outputs/two_stage_thinking_codegen/runs/full_codegen_t4_funnel_fixed_env/cvdp_copilot_MSHR/reports/1.txt,/mnt/disk9/tianfeng/cvdp/cvdp_benchmark/research_outputs/two_stage_thinking_codegen/runs/full_codegen_t4_funnel_fixed_env/cvdp_copilot_MSHR/reports/1.txt,
cvdp_copilot_MSHR_0008,cid002,medium,compile_elab,编译/展开失败,True,False,True,True,0,10,10,0,10,10,0.00,False,compile_repair,高可补救,"subprocess.CalledProcessError: Command '['iverilog', '-o', '/code/rundir/sim_build/sim.vvp', '-s', 'cache_mshr', '-g2012', '-Pcache_mshr.MSHR_SIZE=24', '-f', '/code/rundir/sim_build/cmds.f', '/code/rtl/cache_mshr.sv']' returned non-zero exit status 2.",优先自动补救：做 compile/elab-only repair，向模型提供 iverilog 命令、顶层名、参数化实例和首个报错；这类通常比语义失败更可救。,/mnt/disk9/tianfeng/cvdp/cvdp_benchmark/research_outputs/two_stage_thinking_codegen/runs/full_codegen_t4_funnel_fixed_env/cvdp_copilot_MSHR/reports/8.txt,/mnt/disk9/tianfeng/cvdp/cvdp_benchmark/research_outputs/two_stage_thinking_codegen/runs/full_codegen_t4_funnel_fixed_env/cvdp_copilot_MSHR/reports/8.txt,
cvdp_copilot_aes_key_expansion_0001,cid007,medium,functional_and_synth_optimization,功能+综合优化失败,True,False,True,True,1,1,2,1,1,2,0.50,False,split_functional_synth,中等可补救,"assert error == 0, ""Error to remove previous synth log.""",拆开处理：先确认功能剩余失败，再单独给综合优化目标和 Yosys diff 做 repair；不要把 synth 优化失败混入功能能力判断。,/mnt/disk9/tianfeng/cvdp/cvdp_benchmark/research_outputs/two_stage_thinking_codegen/runs/full_codegen_t4_funnel_fixed_env/cvdp_copilot_aes_key_expansion/reports/1_synth.txt,/mnt/disk9/tianfeng/cvdp/cvdp_benchmark/research_outputs/two_stage_thinking_codegen/runs/full_codegen_t4_funnel_fixed_env/cvdp_copilot_aes_key_expansion/reports/1_synth.txt,
cvdp_copilot_ahb_clk_counter_0001,cid002,easy,compile_elab,编译/展开失败,True,False,True,True,0,1,1,0,1,1,0.00,False,compile_repair,高可补救,"subprocess.CalledProcessError: Command '['iverilog', '-o', '/code/rundir/sim_build/sim.vvp', '-s', 'ahb_clock_counter', '-g2012', '-Pahb_clock_counter.ADDR_WIDTH=32', '-Pahb_clock_counter.DATA_WIDTH=32', '-f', '/code/rundir/sim_build/cmds.f', '/code/rtl/ahb_clock_counter.sv']' re",优先自动补救：做 compile/elab-only repair，向模型提供 iverilog 命令、顶层名、参数化实例和首个报错；这类通常比语义失败更可救。,/mnt/disk9/tianfeng/cvdp/cvdp_benchmark/research_outputs/two_stage_thinking_codegen/runs/full_codegen_t4_funnel_fixed_env/cvdp_copilot_ahb_clk_counter/reports/1.txt,/mnt/disk9/tianfeng/cvdp/cvdp_benchmark/research_outputs/two_stage_thinking_codegen/runs/full_codegen_t4_funnel_fixed_env/cvdp_copilot_ahb_clk_counter/reports/1.txt,
cvdp_copilot_apb_gpio_0005,cid004,medium,functional,功能语义失败,True,False,False,False,0,3,3,12,6,18,0.67,False,semantic_repair_or_passk,中等可补救,assert False,按近似程度分层：near-miss 用 focused harness + targeted invariant repair；zero-pass/大范围失败优先 agentic debug 或 pass@k；最后再判 finetune。,/mnt/disk9/tianfeng/cvdp/cvdp_benchmark/research_outputs/two_stage_thinking_codegen/runs/full_codegen_t4_funnel_fixed_env/cvdp_copilot_apb_gpio/reports/5_repair_2.txt,/mnt/disk9/tianfeng/cvdp/cvdp_benchmark/research_outputs/two_stage_thinking_codegen/runs/full_codegen_t4_funnel_fixed_env/cvdp_copilot_apb_gpio/reports/5_repair_2.txt,
cvdp_copilot_apb_history_shift_register_0001,cid003,medium,functional,功能语义失败,True,False,True,True,0,1,1,0,1,1,0.00,False,agentic_or_passk,较难,assert 0 == 11,按近似程度分层：near-miss 用 focused harness + targeted invariant repair；zero-pass/大范围失败优先 agentic debug 或 pass@k；最后再判 finetune。,/mnt/disk9/tianfeng/cvdp/cvdp_benchmark/research_outputs/two_stage_thinking_codegen/runs/full_codegen_t4_funnel_fixed_env/cvdp_copilot_apb_history_shift_register/reports/1.txt,/mnt/disk9/tianfeng/cvdp/cvdp_benchmark/research_outputs/two_stage_thinking_codegen/runs/full_codegen_t4_funnel_fixed_env/cvdp_copilot_apb_history_shift_register/reports/1.txt,
cvdp_copilot_axi_alu_0001,cid016,medium,docker_timeout,仿真非终止/超时,True,False,True,True,0,0,0,0,0,0,,True,agentic_debug,中等可补救,timeout after partial functional failure: assert 0 == 9,优先 agentic/debug：先定位 RTL 状态机/ready-valid/循环终止条件；不建议简单延长 timeout。可对少量 case 做 thinking/pass@k ablation。,/mnt/disk9/tianfeng/cvdp/cvdp_benchmark/research_outputs/two_stage_thinking_codegen/runs/full_codegen_t4_funnel_fixed_env/cvdp_copilot_axi_alu/reports/1.txt,/mnt/disk9/tianfeng/cvdp/cvdp_benchmark/research_outputs/two_stage_thinking_codegen/runs/full_codegen_t4_funnel_fixed_env/cvdp_copilot_axi_alu/reports/1.txt,Timed out after 600s
cvdp_copilot_axi_register_0001,cid003,medium,compile_elab,编译/展开失败,True,False,True,True,6,0,6,6,0,6,1.00,False,compile_repair,高可补救,"subprocess.CalledProcessError: Command '['iverilog', '-o', '/code/rundir/sim_build/sim.vvp', '-s', 'axi_register', '-g2012', '-Paxi_register.ADDR_WIDTH=12', '-Paxi_register.DATA_WIDTH=8', '-f', '/code/rundir/sim_build/cmds.f', '/code/rtl/axi_register.sv']' returned non-zero exit ",优先自动补救：做 compile/elab-only repair，向模型提供 iverilog 命令、顶层名、参数化实例和首个报错；这类通常比语义失败更可救。,/mnt/disk9/tianfeng/cvdp/cvdp_benchmark/research_outputs/two_stage_thinking_codegen/runs/full_codegen_t4_funnel_fixed_env/cvdp_copilot_axi_register/reports/1.txt,/mnt/disk9/tianfeng/cvdp/cvdp_benchmark/research_outputs/two_stage_thinking_codegen/runs/full_codegen_t4_funnel_fixed_env/cvdp_copilot_axi_register/reports/1.txt,
cvdp_copilot_axi_stream_upscale_0001,cid003,easy,functional,功能语义失败,True,False,True,True,0,1,1,0,1,1,0.00,False,agentic_or_passk,较难,assert Logic('1') == 0,按近似程度分层：near-miss 用 focused harness + targeted invariant repair；zero-pass/大范围失败优先 agentic debug 或 pass@k；最后再判 finetune。,/mnt/disk9/tianfeng/cvdp/cvdp_benchmark/research_outputs/two_stage_thinking_codegen/runs/full_codegen_t4_funnel_fixed_env/cvdp_copilot_axi_stream_upscale/reports/1.txt,/mnt/disk9/tianfeng/cvdp/cvdp_benchmark/research_outputs/two_stage_thinking_codegen/runs/full_codegen_t4_funnel_fixed_env/cvdp_copilot_axi_stream_upscale/reports/1.txt,
cvdp_copilot_axi_tap_0009,cid004,medium,functional,功能语义失败,True,False,True,True,0,20,20,0,20,20,0.00,False,agentic_or_passk,较难,TESTS=1 PASS=0 FAIL=1 SKIP=0,按近似程度分层：near-miss 用 focused harness + targeted invariant repair；zero-pass/大范围失败优先 agentic debug 或 pass@k；最后再判 finetune。,/mnt/disk9/tianfeng/cvdp/cvdp_benchmark/research_outputs/two_stage_thinking_codegen/runs/full_codegen_t4_funnel_fixed_env/cvdp_copilot_axi_tap/reports/9.txt,/mnt/disk9/tianfeng/cvdp/cvdp_benchmark/research_outputs/two_stage_thinking_codegen/runs/full_codegen_t4_funnel_fixed_env/cvdp_copilot_axi_tap/reports/9.txt,
cvdp_copilot_axis_border_gen_0001,cid002,medium,functional,功能语义失败,True,False,True,True,0,3,3,0,3,3,0.00,False,agentic_or_passk,较难,assert Logic('0') == True,按近似程度分层：near-miss 用 focused harness + targeted invariant repair；zero-pass/大范围失败优先 agentic debug 或 pass@k；最后再判 finetune。,/mnt/disk9/tianfeng/cvdp/cvdp_benchmark/research_outputs/two_stage_thinking_codegen/runs/full_codegen_t4_funnel_fixed_env/cvdp_copilot_axis_border_gen/reports/1.txt,/mnt/disk9/tianfeng/cvdp/cvdp_benchmark/research_outputs/two_stage_thinking_codegen/runs/full_codegen_t4_funnel_fixed_env/cvdp_copilot_axis_border_gen/reports/1.txt,
cvdp_copilot_axis_border_gen_0014,cid002,medium,model_output_rejected,模型输出被前置校验拒绝,False,False,False,False,,,,0,,0,,False,cheap_reprompt,高可补救,"Generated RTL module-name check failed: expected one of ['axis_border_gen_with_resize'], but found modules ['axis_image_border_gen_with_resizer', 'axis_image_resizer']",优先自动补救：增加严格 module-name re-prompt 或允许一次 checker-specific retry；不需要 thinking。,,,"th_prepare: Unable to get response from vLLM model 'vllm-glm' at http://127.0.0.1:30009/v1: Generated RTL module-name check failed: expected one of ['axis_border_gen_with_resize'], but found modules ['axis_image_border_gen_with_resizer', 'axis_image_resizer']"
cvdp_copilot_barrel_shifter_0058,cid004,medium,compile_elab,编译/展开失败,True,False,True,True,0,1,1,0,1,1,0.00,False,compile_repair,高可补救,"subprocess.CalledProcessError: Command '['iverilog', '-o', '/code/rundir/sim_build/sim.vvp', '-s', 'barrel_shifter', '-g2012', '-Pbarrel_shifter.data_width=8', '-Pbarrel_shifter.shift_bits_width=3', '-f', '/code/rundir/sim_build/cmds.f', '/code/rtl/barrel_shifter.sv']' returned n",优先自动补救：做 compile/elab-only repair，向模型提供 iverilog 命令、顶层名、参数化实例和首个报错；这类通常比语义失败更可救。,/mnt/disk9/tianfeng/cvdp/cvdp_benchmark/research_outputs/two_stage_thinking_codegen/runs/full_codegen_t4_funnel_fixed_env/cvdp_copilot_barrel_shifter/reports/58.txt,/mnt/disk9/tianfeng/cvdp/cvdp_benchmark/research_outputs/two_stage_thinking_codegen/runs/full_codegen_t4_funnel_fixed_env/cvdp_copilot_barrel_shifter/reports/58.txt,
cvdp_copilot_binary_multiplier_0012,cid004,easy,compile_elab,编译/展开失败,True,False,True,True,0,4,4,0,4,4,0.00,False,compile_repair,高可补救,"subprocess.CalledProcessError: Command '['iverilog', '-o', '/code/rundir/sim_build/sim.vvp', '-s', 'binary_multiplier', '-g2012', '-Pbinary_multiplier.WIDTH=25', '-f', '/code/rundir/sim_build/cmds.f', '/code/rtl/binary_multiplier.sv']' returned non-zero exit status 2.",优先自动补救：做 compile/elab-only repair，向模型提供 iverilog 命令、顶层名、参数化实例和首个报错；这类通常比语义失败更可救。,/mnt/disk9/tianfeng/cvdp/cvdp_benchmark/research_outputs/two_stage_thinking_codegen/runs/full_codegen_t4_funnel_fixed_env/cvdp_copilot_binary_multiplier/reports/12.txt,/mnt/disk9/tianfeng/cvdp/cvdp_benchmark/research_outputs/two_stage_thinking_codegen/runs/full_codegen_t4_funnel_fixed_env/cvdp_copilot_binary_multiplier/reports/12.txt,
cvdp_copilot_binary_search_tree_sorting_0001,cid002,medium,docker_timeout,仿真非终止/超时,True,False,True,True,0,0,0,0,0,0,,True,agentic_debug,中等可补救,entered cocotb/pytest then timed out without completing current test,优先 agentic/debug：先定位 RTL 状态机/ready-valid/循环终止条件；不建议简单延长 timeout。可对少量 case 做 thinking/pass@k ablation。,/mnt/disk9/tianfeng/cvdp/cvdp_benchmark/research_outputs/two_stage_thinking_codegen/runs/full_codegen_t4_funnel_fixed_env/cvdp_copilot_binary_search_tree_sorting/reports/1.txt,/mnt/disk9/tianfeng/cvdp/cvdp_benchmark/research_outputs/two_stage_thinking_codegen/runs/full_codegen_t4_funnel_fixed_env/cvdp_copilot_binary_search_tree_sorting/reports/1.txt,Timed out after 600s
cvdp_copilot_binary_search_tree_sorting_0014,cid002,medium,docker_timeout,仿真非终止/超时,True,False,False,False,0,9,9,3,1,4,0.75,True,agentic_debug,中等可补救,timeout after partial functional failure: assert 5 == 4,优先 agentic/debug：先定位 RTL 状态机/ready-valid/循环终止条件；不建议简单延长 timeout。可对少量 case 做 thinking/pass@k ablation。,/mnt/disk9/tianfeng/cvdp/cvdp_benchmark/research_outputs/two_stage_thinking_codegen/runs/full_codegen_t4_funnel_fixed_env/cvdp_copilot_binary_search_tree_sorting/reports/14_repair_2.txt,/mnt/disk9/tianfeng/cvdp/cvdp_benchmark/research_outputs/two_stage_thinking_codegen/runs/full_codegen_t4_funnel_fixed_env/cvdp_copilot_binary_search_tree_sorting/reports/14_repair_2.txt,Timed out after 600s
cvdp_copilot_bus_arbiter_0004,cid004,medium,model_output_rejected,模型输出被前置校验拒绝,False,False,False,False,,,,0,,0,,False,cheap_reprompt,高可补救,"Generated RTL module-name check failed: expected one of ['bus_arbiter'], but found modules ['cvdp_copilot_bus_arbiter']",优先自动补救：增加严格 module-name re-prompt 或允许一次 checker-specific retry；不需要 thinking。,,,"th_prepare: Unable to get response from vLLM model 'vllm-glm' at http://127.0.0.1:30009/v1: Generated RTL module-name check failed: expected one of ['bus_arbiter'], but found modules ['cvdp_copilot_bus_arbiter']"
cvdp_copilot_cache_lru_0019,cid002,medium,functional,功能语义失败,True,False,True,True,0,1,1,0,1,1,0.00,False,agentic_or_passk,较难,assert 0 == 3,按近似程度分层：near-miss 用 focused harness + targeted invariant repair；zero-pass/大范围失败优先 agentic debug 或 pass@k；最后再判 finetune。,/mnt/disk9/tianfeng/cvdp/cvdp_benchmark/research_outputs/two_stage_thinking_codegen/runs/full_codegen_t4_funnel_fixed_env/cvdp_copilot_cache_lru/reports/19.txt,/mnt/disk9/tianfeng/cvdp/cvdp_benchmark/research_outputs/two_stage_thinking_codegen/runs/full_codegen_t4_funnel_fixed_env/cvdp_copilot_cache_lru/reports/19.txt,
cvdp_copilot_caesar_cipher_0001,cid003,easy,functional,功能语义失败,True,False,True,True,3,1,4,3,1,4,0.75,False,semantic_repair_or_passk,中等可补救,assert 'aHsaEqbi' == 'aNsgEqbo',按近似程度分层：near-miss 用 focused harness + targeted invariant repair；zero-pass/大范围失败优先 agentic debug 或 pass@k；最后再判 finetune。,/mnt/disk9/tianfeng/cvdp/cvdp_benchmark/research_outputs/two_stage_thinking_codegen/runs/full_codegen_t4_funnel_fixed_env/cvdp_copilot_caesar_cipher/reports/1.txt,/mnt/disk9/tianfeng/cvdp/cvdp_benchmark/research_outputs/two_stage_thinking_codegen/runs/full_codegen_t4_funnel_fixed_env/cvdp_copilot_caesar_cipher/reports/1.txt,
cvdp_copilot_car_parking_management_0015,cid004,medium,compile_elab,编译/展开失败,True,False,True,True,0,4,4,0,4,4,0.00,False,compile_repair,高可补救,"subprocess.CalledProcessError: Command '['iverilog', '-o', '/code/rundir/sim_build/sim.vvp', '-s', 'car_parking_system', '-g2012', '-DSIMULATION=1', '-Pcar_parking_system.TOTAL_SPACES=9', '-f', '/code/rundir/sim_build/cmds.f', '/code/rtl/car_parking_system.sv']' returned non-zero",优先自动补救：做 compile/elab-only repair，向模型提供 iverilog 命令、顶层名、参数化实例和首个报错；这类通常比语义失败更可救。,/mnt/disk9/tianfeng/cvdp/cvdp_benchmark/research_outputs/two_stage_thinking_codegen/runs/full_codegen_t4_funnel_fixed_env/cvdp_copilot_car_parking_management/reports/15.txt,/mnt/disk9/tianfeng/cvdp/cvdp_benchmark/research_outputs/two_stage_thinking_codegen/runs/full_codegen_t4_funnel_fixed_env/cvdp_copilot_car_parking_management/reports/15.txt,
cvdp_copilot_car_parking_management_0018,cid002,medium,functional,功能语义失败,True,False,True,True,0,4,4,0,4,4,0.00,False,agentic_or_passk,较难,assert Logic('0') == 1,按近似程度分层：near-miss 用 focused harness + targeted invariant repair；zero-pass/大范围失败优先 agentic debug 或 pass@k；最后再判 finetune。,/mnt/disk9/tianfeng/cvdp/cvdp_benchmark/research_outputs/two_stage_thinking_codegen/runs/full_codegen_t4_funnel_fixed_env/cvdp_copilot_car_parking_management/reports/18.txt,/mnt/disk9/tianfeng/cvdp/cvdp_benchmark/research_outputs/two_stage_thinking_codegen/runs/full_codegen_t4_funnel_fixed_env/cvdp_copilot_car_parking_management/reports/18.txt,
cvdp_copilot_cascaded_adder_0025,cid002,medium,compile_elab,编译/展开失败,True,False,True,False,2,0,2,4,0,4,1.00,False,compile_repair,高可补救,"subprocess.CalledProcessError: Command '['iverilog', '-o', '/code/rundir/sim_build/sim.vvp', '-s', 'cascaded_adder', '-g2012', '-Pcascaded_adder.IN_DATA_NS=4', '-Pcascaded_adder.IN_DATA_WIDTH=3', '-Pcascaded_adder.REG=1', '-f', '/code/rundir/sim_build/cmds.f', '/code/rtl/cascaded",优先自动补救：做 compile/elab-only repair，向模型提供 iverilog 命令、顶层名、参数化实例和首个报错；这类通常比语义失败更可救。,/mnt/disk9/tianfeng/cvdp/cvdp_benchmark/research_outputs/two_stage_thinking_codegen/runs/full_codegen_t4_funnel_fixed_env/cvdp_copilot_cascaded_adder/reports/25_repair_2.txt,/mnt/disk9/tianfeng/cvdp/cvdp_benchmark/research_outputs/two_stage_thinking_codegen/runs/full_codegen_t4_funnel_fixed_env/cvdp_copilot_cascaded_adder/reports/25_repair_2.txt,
cvdp_copilot_coffee_machine_0001,cid016,medium,functional,功能语义失败,True,False,True,True,0,16,16,0,16,16,0.00,False,agentic_or_passk,较难,assert 0 == 1,按近似程度分层：near-miss 用 focused harness + targeted invariant repair；zero-pass/大范围失败优先 agentic debug 或 pass@k；最后再判 finetune。,/mnt/disk9/tianfeng/cvdp/cvdp_benchmark/research_outputs/two_stage_thinking_codegen/runs/full_codegen_t4_funnel_fixed_env/cvdp_copilot_coffee_machine/reports/1.txt,/mnt/disk9/tianfeng/cvdp/cvdp_benchmark/research_outputs/two_stage_thinking_codegen/runs/full_codegen_t4_funnel_fixed_env/cvdp_copilot_coffee_machine/reports/1.txt,
cvdp_copilot_compression_engine_0001,cid002,easy,functional,功能语义失败,True,False,True,True,0,2,2,0,2,2,0.00,False,agentic_or_passk,较难,assert False,按近似程度分层：near-miss 用 focused harness + targeted invariant repair；zero-pass/大范围失败优先 agentic debug 或 pass@k；最后再判 finetune。,/mnt/disk9/tianfeng/cvdp/cvdp_benchmark/research_outputs/two_stage_thinking_codegen/runs/full_codegen_t4_funnel_fixed_env/cvdp_copilot_compression_engine/reports/1.txt,/mnt/disk9/tianfeng/cvdp/cvdp_benchmark/research_outputs/two_stage_thinking_codegen/runs/full_codegen_t4_funnel_fixed_env/cvdp_copilot_compression_engine/reports/1.txt,
cvdp_copilot_configurable_digital_low_pass_filter_0004,cid003,medium,functional,功能语义失败,True,False,False,False,14,18,32,21,11,32,0.66,False,semantic_repair_or_passk,中等可补救,"assert [0, 0, 0, 0, 0, 0, ...] == [15749, -7297, -24834, 15852, -6859, 28026, ...]",按近似程度分层：near-miss 用 focused harness + targeted invariant repair；zero-pass/大范围失败优先 agentic debug 或 pass@k；最后再判 finetune。,/mnt/disk9/tianfeng/cvdp/cvdp_benchmark/research_outputs/two_stage_thinking_codegen/runs/full_codegen_t4_funnel_fixed_env/cvdp_copilot_configurable_digital_low_pass_filter/reports/4_repair_2.txt,/mnt/disk9/tianfeng/cvdp/cvdp_benchmark/research_outputs/two_stage_thinking_codegen/runs/full_codegen_t4_funnel_fixed_env/cvdp_copilot_configurable_digital_low_pass_filter/reports/4_repair_2.txt,
cvdp_copilot_configurable_digital_low_pass_filter_0014,cid003,easy,functional,功能语义失败,True,False,True,True,0,35,35,0,35,35,0.00,False,agentic_or_passk,较难,assert 1 == 0,按近似程度分层：near-miss 用 focused harness + targeted invariant repair；zero-pass/大范围失败优先 agentic debug 或 pass@k；最后再判 finetune。,/mnt/disk9/tianfeng/cvdp/cvdp_benchmark/research_outputs/two_stage_thinking_codegen/runs/full_codegen_t4_funnel_fixed_env/cvdp_copilot_configurable_digital_low_pass_filter/reports/14.txt,/mnt/disk9/tianfeng/cvdp/cvdp_benchmark/research_outputs/two_stage_thinking_codegen/runs/full_codegen_t4_funnel_fixed_env/cvdp_copilot_configurable_digital_low_pass_filter/reports/14.txt,
cvdp_copilot_cont_adder_0042,cid007,easy,functional,功能语义失败,True,False,True,True,8,1,9,8,1,9,0.89,False,near_miss_repair,高可补救,"assert subprocess.run(cmd, shell=True).returncode == 0, ""Linting return errors.""",按近似程度分层：near-miss 用 focused harness + targeted invariant repair；zero-pass/大范围失败优先 agentic debug 或 pass@k；最后再判 finetune。,/mnt/disk9/tianfeng/cvdp/cvdp_benchmark/research_outputs/two_stage_thinking_codegen/runs/full_codegen_t4_funnel_fixed_env/cvdp_copilot_cont_adder/reports/42_lint.txt,/mnt/disk9/tianfeng/cvdp/cvdp_benchmark/research_outputs/two_stage_thinking_codegen/runs/full_codegen_t4_funnel_fixed_env/cvdp_copilot_cont_adder/reports/42_lint.txt,
cvdp_copilot_decoder_8b10b_0001,cid002,easy,functional,功能语义失败,True,False,True,True,1,4,5,1,4,5,0.20,False,semantic_repair_or_passk,中等可补救,assert '00000000' == '10011100',按近似程度分层：near-miss 用 focused harness + targeted invariant repair；zero-pass/大范围失败优先 agentic debug 或 pass@k；最后再判 finetune。,/mnt/disk9/tianfeng/cvdp/cvdp_benchmark/research_outputs/two_stage_thinking_codegen/runs/full_codegen_t4_funnel_fixed_env/cvdp_copilot_decoder_8b10b/reports/1.txt,/mnt/disk9/tianfeng/cvdp/cvdp_benchmark/research_outputs/two_stage_thinking_codegen/runs/full_codegen_t4_funnel_fixed_env/cvdp_copilot_decoder_8b10b/reports/1.txt,
cvdp_copilot_digital_stopwatch_0001,cid003,easy,functional,功能语义失败,True,False,True,True,0,3,3,0,3,3,0.00,False,agentic_or_passk,较难,assert 10 == 9,按近似程度分层：near-miss 用 focused harness + targeted invariant repair；zero-pass/大范围失败优先 agentic debug 或 pass@k；最后再判 finetune。,/mnt/disk9/tianfeng/cvdp/cvdp_benchmark/research_outputs/two_stage_thinking_codegen/runs/full_codegen_t4_funnel_fixed_env/cvdp_copilot_digital_stopwatch/reports/1.txt,/mnt/disk9/tianfeng/cvdp/cvdp_benchmark/research_outputs/two_stage_thinking_codegen/runs/full_codegen_t4_funnel_fixed_env/cvdp_copilot_digital_stopwatch/reports/1.txt,
cvdp_copilot_digital_stopwatch_0012,cid004,easy,functional,功能语义失败,True,False,True,True,0,3,3,0,3,3,0.00,False,agentic_or_passk,较难,"assert dut.hours.value == 0, f""Initial hours is not 0! Got: {dut.hour.value}""",按近似程度分层：near-miss 用 focused harness + targeted invariant repair；zero-pass/大范围失败优先 agentic debug 或 pass@k；最后再判 finetune。,/mnt/disk9/tianfeng/cvdp/cvdp_benchmark/research_outputs/two_stage_thinking_codegen/runs/full_codegen_t4_funnel_fixed_env/cvdp_copilot_digital_stopwatch/reports/12.txt,/mnt/disk9/tianfeng/cvdp/cvdp_benchmark/research_outputs/two_stage_thinking_codegen/runs/full_codegen_t4_funnel_fixed_env/cvdp_copilot_digital_stopwatch/reports/12.txt,
cvdp_copilot_dot_product_0005,cid004,medium,functional,功能语义失败,True,False,True,True,1,11,12,1,11,12,0.08,False,semantic_repair_or_passk,中等可补救,assert (1/12),按近似程度分层：near-miss 用 focused harness + targeted invariant repair；zero-pass/大范围失败优先 agentic debug 或 pass@k；最后再判 finetune。,/mnt/disk9/tianfeng/cvdp/cvdp_benchmark/research_outputs/two_stage_thinking_codegen/runs/full_codegen_t4_funnel_fixed_env/cvdp_copilot_dot_product/reports/5.txt,/mnt/disk9/tianfeng/cvdp/cvdp_benchmark/research_outputs/two_stage_thinking_codegen/runs/full_codegen_t4_funnel_fixed_env/cvdp_copilot_dot_product/reports/5.txt,
cvdp_copilot_elevator_control_0006,cid004,easy,compile_elab,编译/展开失败,True,False,True,True,0,4,4,0,4,4,0.00,False,compile_repair,高可补救,"subprocess.CalledProcessError: Command '['iverilog', '-o', '/code/rundir/sim_build/sim.vvp', '-s', 'elevator_control_system', '-g2012', '-DSIMULATION=1', '-Pelevator_control_system.N=8', '-f', '/code/rundir/sim_build/cmds.f', '/code/rtl/elevator_control_system.sv', '/code/rtl/flo",优先自动补救：做 compile/elab-only repair，向模型提供 iverilog 命令、顶层名、参数化实例和首个报错；这类通常比语义失败更可救。,/mnt/disk9/tianfeng/cvdp/cvdp_benchmark/research_outputs/two_stage_thinking_codegen/runs/full_codegen_t4_funnel_fixed_env/cvdp_copilot_elevator_control/reports/6.txt,/mnt/disk9/tianfeng/cvdp/cvdp_benchmark/research_outputs/two_stage_thinking_codegen/runs/full_codegen_t4_funnel_fixed_env/cvdp_copilot_elevator_control/reports/6.txt,
cvdp_copilot_elevator_control_0009,cid004,medium,compile_elab,编译/展开失败,True,False,True,True,0,4,4,0,4,4,0.00,False,compile_repair,高可补救,"subprocess.CalledProcessError: Command '['iverilog', '-o', '/code/rundir/sim_build/sim.vvp', '-s', 'elevator_control_system', '-g2012', '-DSIMULATION=1', '-Pelevator_control_system.N=8', '-f', '/code/rundir/sim_build/cmds.f', '/code/rtl/elevator_control_system.sv', '/code/rtl/flo",优先自动补救：做 compile/elab-only repair，向模型提供 iverilog 命令、顶层名、参数化实例和首个报错；这类通常比语义失败更可救。,/mnt/disk9/tianfeng/cvdp/cvdp_benchmark/research_outputs/two_stage_thinking_codegen/runs/full_codegen_t4_funnel_fixed_env/cvdp_copilot_elevator_control/reports/9.txt,/mnt/disk9/tianfeng/cvdp/cvdp_benchmark/research_outputs/two_stage_thinking_codegen/runs/full_codegen_t4_funnel_fixed_env/cvdp_copilot_elevator_control/reports/9.txt,
cvdp_copilot_elevator_control_0026,cid002,medium,compile_elab,编译/展开失败,True,False,True,True,0,4,4,0,4,4,0.00,False,compile_repair,高可补救,"subprocess.CalledProcessError: Command '['iverilog', '-o', '/code/rundir/sim_build/sim.vvp', '-s', 'elevator_control_system', '-g2012', '-DSIMULATION=1', '-Pelevator_control_system.N=12', '-f', '/code/rundir/sim_build/cmds.f', '/code/rtl/elevator_control_system.sv', '/code/rtl/fl",优先自动补救：做 compile/elab-only repair，向模型提供 iverilog 命令、顶层名、参数化实例和首个报错；这类通常比语义失败更可救。,/mnt/disk9/tianfeng/cvdp/cvdp_benchmark/research_outputs/two_stage_thinking_codegen/runs/full_codegen_t4_funnel_fixed_env/cvdp_copilot_elevator_control/reports/26.txt,/mnt/disk9/tianfeng/cvdp/cvdp_benchmark/research_outputs/two_stage_thinking_codegen/runs/full_codegen_t4_funnel_fixed_env/cvdp_copilot_elevator_control/reports/26.txt,
cvdp_copilot_elevator_control_0033,cid007,medium,docker_timeout,仿真非终止/超时,True,False,True,True,0,1,1,0,1,1,0.00,True,agentic_debug,中等可补救,entered cocotb/pytest then timed out without completing current test,优先 agentic/debug：先定位 RTL 状态机/ready-valid/循环终止条件；不建议简单延长 timeout。可对少量 case 做 thinking/pass@k ablation。,/mnt/disk9/tianfeng/cvdp/cvdp_benchmark/research_outputs/two_stage_thinking_codegen/runs/full_codegen_t4_funnel_fixed_env/cvdp_copilot_elevator_control/reports/33_sanity.txt,/mnt/disk9/tianfeng/cvdp/cvdp_benchmark/research_outputs/two_stage_thinking_codegen/runs/full_codegen_t4_funnel_fixed_env/cvdp_copilot_elevator_control/reports/33_sanity.txt;/mnt/disk9/tianfeng/cvdp/cvdp_benchmark/research_outputs/two_stage_thinking_codegen/runs/full_codegen_t4_funnel_fixed_env/cvdp_copilot_elevator_control/reports/33_lint.txt,Timed out after 600s
cvdp_copilot_fan_controller_0008,cid007,medium,functional_and_synth_optimization,功能+综合优化失败,True,False,True,True,0,2,2,0,2,2,0.00,False,split_functional_synth,中等可补救,assert Logic('1') == 0,拆开处理：先确认功能剩余失败，再单独给综合优化目标和 Yosys diff 做 repair；不要把 synth 优化失败混入功能能力判断。,/mnt/disk9/tianfeng/cvdp/cvdp_benchmark/research_outputs/two_stage_thinking_codegen/runs/full_codegen_t4_funnel_fixed_env/cvdp_copilot_fan_controller/reports/8_sanity.txt,/mnt/disk9/tianfeng/cvdp/cvdp_benchmark/research_outputs/two_stage_thinking_codegen/runs/full_codegen_t4_funnel_fixed_env/cvdp_copilot_fan_controller/reports/8_sanity.txt;/mnt/disk9/tianfeng/cvdp/cvdp_benchmark/research_outputs/two_stage_thinking_codegen/runs/full_codegen_t4_funnel_fixed_env/cvdp_copilot_fan_controller/reports/8_synth.txt,
cvdp_copilot_fibonacci_series_0001,cid003,easy,functional,功能语义失败,True,False,True,True,0,2,2,0,2,2,0.00,False,agentic_or_passk,较难,assert 2 == 1,按近似程度分层：near-miss 用 focused harness + targeted invariant repair；zero-pass/大范围失败优先 agentic debug 或 pass@k；最后再判 finetune。,/mnt/disk9/tianfeng/cvdp/cvdp_benchmark/research_outputs/two_stage_thinking_codegen/runs/full_codegen_t4_funnel_fixed_env/cvdp_copilot_fibonacci_series/reports/1.txt,/mnt/disk9/tianfeng/cvdp/cvdp_benchmark/research_outputs/two_stage_thinking_codegen/runs/full_codegen_t4_funnel_fixed_env/cvdp_copilot_fibonacci_series/reports/1.txt,
cvdp_copilot_fifo_to_axis_0001,cid002,easy,compile_elab,编译/展开失败,True,False,True,True,0,1,1,0,1,1,0.00,False,compile_repair,高可补救,"subprocess.CalledProcessError: Command '['iverilog', '-o', '/code/rundir/sim_build/sim.vvp', '-s', 'ping_pong_fifo_2_axi_stream', '-g2012', '-Pping_pong_fifo_2_axi_stream.DATA_WIDTH=8', '-f', '/code/rundir/sim_build/cmds.f', '/code/rtl/ping_pong_fifo_2_axi_stream.sv']' returned n",优先自动补救：做 compile/elab-only repair，向模型提供 iverilog 命令、顶层名、参数化实例和首个报错；这类通常比语义失败更可救。,/mnt/disk9/tianfeng/cvdp/cvdp_benchmark/research_outputs/two_stage_thinking_codegen/runs/full_codegen_t4_funnel_fixed_env/cvdp_copilot_fifo_to_axis/reports/1.txt,/mnt/disk9/tianfeng/cvdp/cvdp_benchmark/research_outputs/two_stage_thinking_codegen/runs/full_codegen_t4_funnel_fixed_env/cvdp_copilot_fifo_to_axis/reports/1.txt,
cvdp_copilot_findfasterclock_0001,cid002,medium,compile_elab,编译/展开失败,True,False,True,True,0,1,1,0,1,1,0.00,False,compile_repair,高可补救,"subprocess.CalledProcessError: Command '['iverilog', '-o', '/code/rundir/sim_build/sim.vvp', '-s', 'findfasterclock', '-g2012', '-f', '/code/rundir/sim_build/cmds.f', '/code/rtl/findfasterclock.sv']' returned non-zero exit status 1.",优先自动补救：做 compile/elab-only repair，向模型提供 iverilog 命令、顶层名、参数化实例和首个报错；这类通常比语义失败更可救。,/mnt/disk9/tianfeng/cvdp/cvdp_benchmark/research_outputs/two_stage_thinking_codegen/runs/full_codegen_t4_funnel_fixed_env/cvdp_copilot_findfasterclock/reports/1.txt,/mnt/disk9/tianfeng/cvdp/cvdp_benchmark/research_outputs/two_stage_thinking_codegen/runs/full_codegen_t4_funnel_fixed_env/cvdp_copilot_findfasterclock/reports/1.txt,
cvdp_copilot_fsm_seq_detector_0023,cid016,easy,functional,功能语义失败,True,False,True,False,2,4,6,5,1,6,0.83,False,near_miss_repair,高可补救,assert Logic('0') == 1,按近似程度分层：near-miss 用 focused harness + targeted invariant repair；zero-pass/大范围失败优先 agentic debug 或 pass@k；最后再判 finetune。,/mnt/disk9/tianfeng/cvdp/cvdp_benchmark/research_outputs/two_stage_thinking_codegen/runs/full_codegen_t4_funnel_fixed_env/cvdp_copilot_fsm_seq_detector/reports/23_repair_2.txt,/mnt/disk9/tianfeng/cvdp/cvdp_benchmark/research_outputs/two_stage_thinking_codegen/runs/full_codegen_t4_funnel_fixed_env/cvdp_copilot_fsm_seq_detector/reports/23_repair_2.txt,
cvdp_copilot_galois_encryption_0001,cid016,medium,functional,功能语义失败,True,False,True,True,0,1,1,0,1,1,0.00,False,agentic_or_passk,较难,assert 0 == 15699573566928413898813171887891756181,按近似程度分层：near-miss 用 focused harness + targeted invariant repair；zero-pass/大范围失败优先 agentic debug 或 pass@k；最后再判 finetune。,/mnt/disk9/tianfeng/cvdp/cvdp_benchmark/research_outputs/two_stage_thinking_codegen/runs/full_codegen_t4_funnel_fixed_env/cvdp_copilot_galois_encryption/reports/1.txt,/mnt/disk9/tianfeng/cvdp/cvdp_benchmark/research_outputs/two_stage_thinking_codegen/runs/full_codegen_t4_funnel_fixed_env/cvdp_copilot_galois_encryption/reports/1.txt,
cvdp_copilot_gaussian_rounding_div_0005,cid002,medium,compile_elab,编译/展开失败,True,False,True,True,0,2,2,0,2,2,0.00,False,compile_repair,高可补救,"subprocess.CalledProcessError: Command '['iverilog', '-o', '/code/rundir/sim_build/sim.vvp', '-s', 'divider', '-g2012', '-f', '/code/rundir/sim_build/cmds.f', '/code/rtl/divider.sv']' returned non-zero exit status 30.",优先自动补救：做 compile/elab-only repair，向模型提供 iverilog 命令、顶层名、参数化实例和首个报错；这类通常比语义失败更可救。,/mnt/disk9/tianfeng/cvdp/cvdp_benchmark/research_outputs/two_stage_thinking_codegen/runs/full_codegen_t4_funnel_fixed_env/cvdp_copilot_gaussian_rounding_div/reports/5.txt,/mnt/disk9/tianfeng/cvdp/cvdp_benchmark/research_outputs/two_stage_thinking_codegen/runs/full_codegen_t4_funnel_fixed_env/cvdp_copilot_gaussian_rounding_div/reports/5.txt,
cvdp_copilot_gaussian_rounding_div_0022,cid007,medium,functional,功能语义失败,True,False,True,True,1,2,3,1,2,3,0.33,False,semantic_repair_or_passk,中等可补救,assert 0.0 == 2.5,按近似程度分层：near-miss 用 focused harness + targeted invariant repair；zero-pass/大范围失败优先 agentic debug 或 pass@k；最后再判 finetune。,/mnt/disk9/tianfeng/cvdp/cvdp_benchmark/research_outputs/two_stage_thinking_codegen/runs/full_codegen_t4_funnel_fixed_env/cvdp_copilot_gaussian_rounding_div/reports/22_sanity.txt,/mnt/disk9/tianfeng/cvdp/cvdp_benchmark/research_outputs/two_stage_thinking_codegen/runs/full_codegen_t4_funnel_fixed_env/cvdp_copilot_gaussian_rounding_div/reports/22_sanity.txt,
cvdp_copilot_gcd_0001,cid003,easy,functional,功能语义失败,True,False,True,True,0,10,10,0,10,10,0.00,False,agentic_or_passk,较难,"assert LogicArray('00000', Range(4, 'downto', 0)) == 2",按近似程度分层：near-miss 用 focused harness + targeted invariant repair；zero-pass/大范围失败优先 agentic debug 或 pass@k；最后再判 finetune。,/mnt/disk9/tianfeng/cvdp/cvdp_benchmark/research_outputs/two_stage_thinking_codegen/runs/full_codegen_t4_funnel_fixed_env/cvdp_copilot_gcd/reports/1.txt,/mnt/disk9/tianfeng/cvdp/cvdp_benchmark/research_outputs/two_stage_thinking_codegen/runs/full_codegen_t4_funnel_fixed_env/cvdp_copilot_gcd/reports/1.txt,
cvdp_copilot_gcd_0009,cid004,easy,docker_timeout,仿真非终止/超时,True,False,True,True,0,10,10,0,0,0,,True,agentic_debug,中等可补救,"timeout after partial functional failure: assert LogicArray('00000', Range(4, 'downto', 0)) == 1",优先 agentic/debug：先定位 RTL 状态机/ready-valid/循环终止条件；不建议简单延长 timeout。可对少量 case 做 thinking/pass@k ablation。,/mnt/disk9/tianfeng/cvdp/cvdp_benchmark/research_outputs/two_stage_thinking_codegen/runs/full_codegen_t4_funnel_fixed_env/cvdp_copilot_gcd/reports/9_repair_1.txt,/mnt/disk9/tianfeng/cvdp/cvdp_benchmark/research_outputs/two_stage_thinking_codegen/runs/full_codegen_t4_funnel_fixed_env/cvdp_copilot_gcd/reports/9_repair_1.txt,Timed out after 600s
cvdp_copilot_gcd_0023,cid004,medium,docker_timeout,仿真非终止/超时,True,False,True,False,0,15,15,0,0,0,,True,agentic_debug,中等可补救,timeout after partial functional failure: assert 4 == 3,优先 agentic/debug：先定位 RTL 状态机/ready-valid/循环终止条件；不建议简单延长 timeout。可对少量 case 做 thinking/pass@k ablation。,/mnt/disk9/tianfeng/cvdp/cvdp_benchmark/research_outputs/two_stage_thinking_codegen/runs/full_codegen_t4_funnel_fixed_env/cvdp_copilot_gcd/reports/23_repair_2.txt,/mnt/disk9/tianfeng/cvdp/cvdp_benchmark/research_outputs/two_stage_thinking_codegen/runs/full_codegen_t4_funnel_fixed_env/cvdp_copilot_gcd/reports/23_repair_2.txt,Timed out after 600s
cvdp_copilot_gcd_0045,cid007,medium,functional_and_synth_optimization,功能+综合优化失败,True,False,True,True,18,1,19,18,1,19,0.95,False,split_functional_synth,中等可补救,"assert error == 0, ""Error to remove previous synth log.""",拆开处理：先确认功能剩余失败，再单独给综合优化目标和 Yosys diff 做 repair；不要把 synth 优化失败混入功能能力判断。,/mnt/disk9/tianfeng/cvdp/cvdp_benchmark/research_outputs/two_stage_thinking_codegen/runs/full_codegen_t4_funnel_fixed_env/cvdp_copilot_gcd/reports/45_synth.txt,/mnt/disk9/tianfeng/cvdp/cvdp_benchmark/research_outputs/two_stage_thinking_codegen/runs/full_codegen_t4_funnel_fixed_env/cvdp_copilot_gcd/reports/45_synth.txt,
cvdp_copilot_hebbian_rule_0012,cid004,medium,functional,功能语义失败,True,False,True,True,0,1,1,0,1,1,0.00,False,agentic_or_passk,较难,"assert dut.w1.value.signed_integer == 2, f""Expected w1=2, but got {dut.w1.value}""",按近似程度分层：near-miss 用 focused harness + targeted invariant repair；zero-pass/大范围失败优先 agentic debug 或 pass@k；最后再判 finetune。,/mnt/disk9/tianfeng/cvdp/cvdp_benchmark/research_outputs/two_stage_thinking_codegen/runs/full_codegen_t4_funnel_fixed_env/cvdp_copilot_hebbian_rule/reports/12.txt,/mnt/disk9/tianfeng/cvdp/cvdp_benchmark/research_outputs/two_stage_thinking_codegen/runs/full_codegen_t4_funnel_fixed_env/cvdp_copilot_hebbian_rule/reports/12.txt,
cvdp_copilot_hebbian_rule_0017,cid003,medium,compile_elab,编译/展开失败,True,False,False,False,0,1,1,0,1,1,0.00,False,compile_repair,高可补救,"subprocess.CalledProcessError: Command '['iverilog', '-o', '/code/rundir/sim_build/sim.vvp', '-s', 'hebb_gates', '-g2012', '-s', 'cocotb_iverilog_dump', '-f', '/code/rundir/sim_build/cmds.f', '/code/rtl/hebb_gates.sv', '/code/rundir/sim_build/cocotb_iverilog_dump.v']' returned no",优先自动补救：做 compile/elab-only repair，向模型提供 iverilog 命令、顶层名、参数化实例和首个报错；这类通常比语义失败更可救。,/mnt/disk9/tianfeng/cvdp/cvdp_benchmark/research_outputs/two_stage_thinking_codegen/runs/full_codegen_t4_funnel_fixed_env/cvdp_copilot_hebbian_rule/reports/17.txt,/mnt/disk9/tianfeng/cvdp/cvdp_benchmark/research_outputs/two_stage_thinking_codegen/runs/full_codegen_t4_funnel_fixed_env/cvdp_copilot_hebbian_rule/reports/17.txt,
cvdp_copilot_hill_cipher_0001,cid003,medium,functional,功能语义失败,True,False,True,False,0,4,4,2,2,4,0.50,False,semantic_repair_or_passk,中等可补救,assert 19026 == 0,按近似程度分层：near-miss 用 focused harness + targeted invariant repair；zero-pass/大范围失败优先 agentic debug 或 pass@k；最后再判 finetune。,/mnt/disk9/tianfeng/cvdp/cvdp_benchmark/research_outputs/two_stage_thinking_codegen/runs/full_codegen_t4_funnel_fixed_env/cvdp_copilot_hill_cipher/reports/1_repair_2.txt,/mnt/disk9/tianfeng/cvdp/cvdp_benchmark/research_outputs/two_stage_thinking_codegen/runs/full_codegen_t4_funnel_fixed_env/cvdp_copilot_hill_cipher/reports/1_repair_2.txt,
cvdp_copilot_hill_cipher_0015,cid007,easy,functional,功能语义失败,True,False,True,True,1,2,3,1,2,3,0.33,False,semantic_repair_or_passk,中等可补救,"assert subprocess.run(cmd, shell=True).returncode == 0, ""Linting return errors.""",按近似程度分层：near-miss 用 focused harness + targeted invariant repair；zero-pass/大范围失败优先 agentic debug 或 pass@k；最后再判 finetune。,/mnt/disk9/tianfeng/cvdp/cvdp_benchmark/research_outputs/two_stage_thinking_codegen/runs/full_codegen_t4_funnel_fixed_env/cvdp_copilot_hill_cipher/reports/15_lint.txt,/mnt/disk9/tianfeng/cvdp/cvdp_benchmark/research_outputs/two_stage_thinking_codegen/runs/full_codegen_t4_funnel_fixed_env/cvdp_copilot_hill_cipher/reports/15_lint.txt;/mnt/disk9/tianfeng/cvdp/cvdp_benchmark/research_outputs/two_stage_thinking_codegen/runs/full_codegen_t4_funnel_fixed_env/cvdp_copilot_hill_cipher/reports/15_sanity.txt,
cvdp_copilot_hmac_register_0001,cid002,medium,functional,功能语义失败,True,False,True,True,0,24,24,0,24,24,0.00,False,agentic_or_passk,较难,assert 1 == 0,按近似程度分层：near-miss 用 focused harness + targeted invariant repair；zero-pass/大范围失败优先 agentic debug 或 pass@k；最后再判 finetune。,/mnt/disk9/tianfeng/cvdp/cvdp_benchmark/research_outputs/two_stage_thinking_codegen/runs/full_codegen_t4_funnel_fixed_env/cvdp_copilot_hmac_register/reports/1.txt,/mnt/disk9/tianfeng/cvdp/cvdp_benchmark/research_outputs/two_stage_thinking_codegen/runs/full_codegen_t4_funnel_fixed_env/cvdp_copilot_hmac_register/reports/1.txt,
cvdp_copilot_icache_controller_0001,cid002,medium,functional,功能语义失败,True,False,False,False,0,5,5,0,5,5,0.00,False,agentic_or_passk,较难,assert 1105612831 == 319586916,按近似程度分层：near-miss 用 focused harness + targeted invariant repair；zero-pass/大范围失败优先 agentic debug 或 pass@k；最后再判 finetune。,/mnt/disk9/tianfeng/cvdp/cvdp_benchmark/research_outputs/two_stage_thinking_codegen/runs/full_codegen_t4_funnel_fixed_env/cvdp_copilot_icache_controller/reports/1.txt,/mnt/disk9/tianfeng/cvdp/cvdp_benchmark/research_outputs/two_stage_thinking_codegen/runs/full_codegen_t4_funnel_fixed_env/cvdp_copilot_icache_controller/reports/1.txt,
cvdp_copilot_image_rotate_0001,cid002,easy,functional,功能语义失败,True,False,False,False,0,10,10,7,3,10,0.70,False,semantic_repair_or_passk,中等可补救,"assert [[12746, 40982, 4695, 4041, 48356, 37127, ...], [50449, 56572, 21044, 51022, 19437, 14034, ...], [10162, 64037, 50627, 35839, 338, 60590, ...], [0, 0, 0, 0, 0, 0, ...], [0, 0, 0, 0, 0, 0, ...], [0, 0, 0, 0, 0, 0, ...], ...] == [[0, 0, 0, 0, 0, 0, ...], [0, 0, 0, 0, 0, 0, .",按近似程度分层：near-miss 用 focused harness + targeted invariant repair；zero-pass/大范围失败优先 agentic debug 或 pass@k；最后再判 finetune。,/mnt/disk9/tianfeng/cvdp/cvdp_benchmark/research_outputs/two_stage_thinking_codegen/runs/full_codegen_t4_funnel_fixed_env/cvdp_copilot_image_rotate/reports/1_repair_2.txt,/mnt/disk9/tianfeng/cvdp/cvdp_benchmark/research_outputs/two_stage_thinking_codegen/runs/full_codegen_t4_funnel_fixed_env/cvdp_copilot_image_rotate/reports/1_repair_2.txt,
cvdp_copilot_image_stego_0004,cid016,easy,functional,功能语义失败,True,False,True,True,3,2,5,3,2,5,0.60,False,semantic_repair_or_passk,中等可补救,assert 1428837674 == 2907876690,按近似程度分层：near-miss 用 focused harness + targeted invariant repair；zero-pass/大范围失败优先 agentic debug 或 pass@k；最后再判 finetune。,/mnt/disk9/tianfeng/cvdp/cvdp_benchmark/research_outputs/two_stage_thinking_codegen/runs/full_codegen_t4_funnel_fixed_env/cvdp_copilot_image_stego/reports/4.txt,/mnt/disk9/tianfeng/cvdp/cvdp_benchmark/research_outputs/two_stage_thinking_codegen/runs/full_codegen_t4_funnel_fixed_env/cvdp_copilot_image_stego/reports/4.txt,
cvdp_copilot_interrupt_controller_0014,cid002,medium,compile_elab,编译/展开失败,True,False,True,False,0,6,6,0,5,5,0.00,False,compile_repair,高可补救,"subprocess.CalledProcessError: Command '['iverilog', '-o', '/code/rundir/sim_build/sim.vvp', '-s', 'interrupt_controller', '-g2012', '-Pinterrupt_controller.NUM_INTERRUPTS=1', '-f', '/code/rundir/sim_build/cmds.f', '/code/rtl/programmable_interrupt_controller.sv']' returned non-z",优先自动补救：做 compile/elab-only repair，向模型提供 iverilog 命令、顶层名、参数化实例和首个报错；这类通常比语义失败更可救。,/mnt/disk9/tianfeng/cvdp/cvdp_benchmark/research_outputs/two_stage_thinking_codegen/runs/full_codegen_t4_funnel_fixed_env/cvdp_copilot_interrupt_controller/reports/14_repair_2.txt,/mnt/disk9/tianfeng/cvdp/cvdp_benchmark/research_outputs/two_stage_thinking_codegen/runs/full_codegen_t4_funnel_fixed_env/cvdp_copilot_interrupt_controller/reports/14_repair_2.txt,
cvdp_copilot_interrupt_controller_0017,cid002,medium,compile_elab,编译/展开失败,True,False,True,True,0,11,11,0,11,11,0.00,False,compile_repair,高可补救,"subprocess.CalledProcessError: Command '['iverilog', '-o', '/code/rundir/sim_build/sim.vvp', '-s', 'interrupt_controller', '-g2012', '-Pinterrupt_controller.STARVATION_THRESHOLD=5', '-f', '/code/rundir/sim_build/cmds.f', '/code/rtl/pic_starvation_prevention.sv']' returned non-zer",优先自动补救：做 compile/elab-only repair，向模型提供 iverilog 命令、顶层名、参数化实例和首个报错；这类通常比语义失败更可救。,/mnt/disk9/tianfeng/cvdp/cvdp_benchmark/research_outputs/two_stage_thinking_codegen/runs/full_codegen_t4_funnel_fixed_env/cvdp_copilot_interrupt_controller/reports/17.txt,/mnt/disk9/tianfeng/cvdp/cvdp_benchmark/research_outputs/two_stage_thinking_codegen/runs/full_codegen_t4_funnel_fixed_env/cvdp_copilot_interrupt_controller/reports/17.txt,
cvdp_copilot_interrupt_controller_0019,cid002,medium,compile_elab,编译/展开失败,True,False,True,True,0,7,7,0,7,7,0.00,False,compile_repair,高可补救,"subprocess.CalledProcessError: Command '['iverilog', '-o', '/code/rundir/sim_build/sim.vvp', '-s', 'interrupt_controller_apb', '-g2012', '-Pinterrupt_controller_apb.NUM_INTERRUPTS=8', '-f', '/code/rundir/sim_build/cmds.f', '/code/rtl/interrupt_controller_apb.sv']' returned non-ze",优先自动补救：做 compile/elab-only repair，向模型提供 iverilog 命令、顶层名、参数化实例和首个报错；这类通常比语义失败更可救。,/mnt/disk9/tianfeng/cvdp/cvdp_benchmark/research_outputs/two_stage_thinking_codegen/runs/full_codegen_t4_funnel_fixed_env/cvdp_copilot_interrupt_controller/reports/19.txt,/mnt/disk9/tianfeng/cvdp/cvdp_benchmark/research_outputs/two_stage_thinking_codegen/runs/full_codegen_t4_funnel_fixed_env/cvdp_copilot_interrupt_controller/reports/19.txt,
cvdp_copilot_ir_receiver_0001,cid002,easy,docker_timeout,仿真非终止/超时,True,False,True,True,0,0,0,0,0,0,,True,agentic_debug,中等可补救,entered cocotb/pytest then timed out without completing current test,优先 agentic/debug：先定位 RTL 状态机/ready-valid/循环终止条件；不建议简单延长 timeout。可对少量 case 做 thinking/pass@k ablation。,/mnt/disk9/tianfeng/cvdp/cvdp_benchmark/research_outputs/two_stage_thinking_codegen/runs/full_codegen_t4_funnel_fixed_env/cvdp_copilot_ir_receiver/reports/1.txt,/mnt/disk9/tianfeng/cvdp/cvdp_benchmark/research_outputs/two_stage_thinking_codegen/runs/full_codegen_t4_funnel_fixed_env/cvdp_copilot_ir_receiver/reports/1.txt,Timed out after 600s
cvdp_copilot_ir_receiver_0005,cid002,easy,functional,功能语义失败,True,False,True,True,1,6,7,1,6,7,0.14,False,semantic_repair_or_passk,中等可补救,assert 0 == 129,按近似程度分层：near-miss 用 focused harness + targeted invariant repair；zero-pass/大范围失败优先 agentic debug 或 pass@k；最后再判 finetune。,/mnt/disk9/tianfeng/cvdp/cvdp_benchmark/research_outputs/two_stage_thinking_codegen/runs/full_codegen_t4_funnel_fixed_env/cvdp_copilot_ir_receiver/reports/5.txt,/mnt/disk9/tianfeng/cvdp/cvdp_benchmark/research_outputs/two_stage_thinking_codegen/runs/full_codegen_t4_funnel_fixed_env/cvdp_copilot_ir_receiver/reports/5.txt,
cvdp_copilot_line_buffer_0003,cid016,medium,functional,功能语义失败,True,False,True,False,32,32,64,48,16,64,0.75,False,semantic_repair_or_passk,中等可补救,assert 12827301338928000567427988054 == 56617011311637570682870561366,按近似程度分层：near-miss 用 focused harness + targeted invariant repair；zero-pass/大范围失败优先 agentic debug 或 pass@k；最后再判 finetune。,/mnt/disk9/tianfeng/cvdp/cvdp_benchmark/research_outputs/two_stage_thinking_codegen/runs/full_codegen_t4_funnel_fixed_env/cvdp_copilot_line_buffer/reports/3_repair_2.txt,/mnt/disk9/tianfeng/cvdp/cvdp_benchmark/research_outputs/two_stage_thinking_codegen/runs/full_codegen_t4_funnel_fixed_env/cvdp_copilot_line_buffer/reports/3_repair_2.txt,
cvdp_copilot_load_store_unit_0009,cid004,medium,functional,功能语义失败,True,False,True,True,0,1,1,0,1,1,0.00,False,agentic_or_passk,较难,assert 3308518656 == 3653579773,按近似程度分层：near-miss 用 focused harness + targeted invariant repair；zero-pass/大范围失败优先 agentic debug 或 pass@k；最后再判 finetune。,/mnt/disk9/tianfeng/cvdp/cvdp_benchmark/research_outputs/two_stage_thinking_codegen/runs/full_codegen_t4_funnel_fixed_env/cvdp_copilot_load_store_unit/reports/9.txt,/mnt/disk9/tianfeng/cvdp/cvdp_benchmark/research_outputs/two_stage_thinking_codegen/runs/full_codegen_t4_funnel_fixed_env/cvdp_copilot_load_store_unit/reports/9.txt,
cvdp_copilot_manchester_enc_0005,cid016,easy,compile_elab,编译/展开失败,True,False,True,True,0,4,4,0,4,4,0.00,False,compile_repair,高可补救,"subprocess.CalledProcessError: Command '['iverilog', '-o', '/code/rundir/sim_build/sim.vvp', '-s', 'manchester_encoder', '-g2012', '-Pmanchester_encoder.N=6', '-f', '/code/rundir/sim_build/cmds.f', '/code/rtl/manchester_encoder.sv']' returned non-zero exit status 2.",优先自动补救：做 compile/elab-only repair，向模型提供 iverilog 命令、顶层名、参数化实例和首个报错；这类通常比语义失败更可救。,/mnt/disk9/tianfeng/cvdp/cvdp_benchmark/research_outputs/two_stage_thinking_codegen/runs/full_codegen_t4_funnel_fixed_env/cvdp_copilot_manchester_enc/reports/5.txt,/mnt/disk9/tianfeng/cvdp/cvdp_benchmark/research_outputs/two_stage_thinking_codegen/runs/full_codegen_t4_funnel_fixed_env/cvdp_copilot_manchester_enc/reports/5.txt,
cvdp_copilot_matrix_multiplier_0007,cid004,easy,functional,功能语义失败,True,False,True,True,7,29,36,13,23,36,0.36,False,semantic_repair_or_passk,中等可补救,"assert [[10, 12], [30, 36]] == [[19, 22], [43, 50]]",按近似程度分层：near-miss 用 focused harness + targeted invariant repair；zero-pass/大范围失败优先 agentic debug 或 pass@k；最后再判 finetune。,/mnt/disk9/tianfeng/cvdp/cvdp_benchmark/research_outputs/two_stage_thinking_codegen/runs/full_codegen_t4_funnel_fixed_env/cvdp_copilot_matrix_multiplier/reports/7_repair_1.txt,/mnt/disk9/tianfeng/cvdp/cvdp_benchmark/research_outputs/two_stage_thinking_codegen/runs/full_codegen_t4_funnel_fixed_env/cvdp_copilot_matrix_multiplier/reports/7_repair_1.txt,
cvdp_copilot_matrix_multiplier_0010,cid004,medium,functional,功能语义失败,True,False,False,False,0,36,36,12,24,36,0.33,False,semantic_repair_or_passk,中等可补救,"assert [[21, 9, 18], [6, 15, 3], [66, 18, 57]] == [[30, 24, 18], [84, 69, 54], [138, 114, 90]]",按近似程度分层：near-miss 用 focused harness + targeted invariant repair；zero-pass/大范围失败优先 agentic debug 或 pass@k；最后再判 finetune。,/mnt/disk9/tianfeng/cvdp/cvdp_benchmark/research_outputs/two_stage_thinking_codegen/runs/full_codegen_t4_funnel_fixed_env/cvdp_copilot_matrix_multiplier/reports/10_repair_2.txt,/mnt/disk9/tianfeng/cvdp/cvdp_benchmark/research_outputs/two_stage_thinking_codegen/runs/full_codegen_t4_funnel_fixed_env/cvdp_copilot_matrix_multiplier/reports/10_repair_2.txt,
cvdp_copilot_microcode_sequencer_0001,cid003,medium,functional,功能语义失败,True,False,True,True,0,1,1,0,1,1,0.00,False,agentic_or_passk,较难,assert Logic('X') == 0,按近似程度分层：near-miss 用 focused harness + targeted invariant repair；zero-pass/大范围失败优先 agentic debug 或 pass@k；最后再判 finetune。,/mnt/disk9/tianfeng/cvdp/cvdp_benchmark/research_outputs/two_stage_thinking_codegen/runs/full_codegen_t4_funnel_fixed_env/cvdp_copilot_microcode_sequencer/reports/1.txt,/mnt/disk9/tianfeng/cvdp/cvdp_benchmark/research_outputs/two_stage_thinking_codegen/runs/full_codegen_t4_funnel_fixed_env/cvdp_copilot_microcode_sequencer/reports/1.txt,
cvdp_copilot_modified_booth_mul_0005,cid016,easy,functional,功能语义失败,True,False,True,True,0,1,1,0,1,1,0.00,False,agentic_or_passk,较难,assert -249778228 == 520990668,按近似程度分层：near-miss 用 focused harness + targeted invariant repair；zero-pass/大范围失败优先 agentic debug 或 pass@k；最后再判 finetune。,/mnt/disk9/tianfeng/cvdp/cvdp_benchmark/research_outputs/two_stage_thinking_codegen/runs/full_codegen_t4_funnel_fixed_env/cvdp_copilot_modified_booth_mul/reports/5.txt,/mnt/disk9/tianfeng/cvdp/cvdp_benchmark/research_outputs/two_stage_thinking_codegen/runs/full_codegen_t4_funnel_fixed_env/cvdp_copilot_modified_booth_mul/reports/5.txt,
cvdp_copilot_montgomery_0001,cid016,easy,functional,功能语义失败,True,False,True,True,0,1,1,0,1,1,0.00,False,agentic_or_passk,较难,assert 567 == 474,按近似程度分层：near-miss 用 focused harness + targeted invariant repair；zero-pass/大范围失败优先 agentic debug 或 pass@k；最后再判 finetune。,/mnt/disk9/tianfeng/cvdp/cvdp_benchmark/research_outputs/two_stage_thinking_codegen/runs/full_codegen_t4_funnel_fixed_env/cvdp_copilot_montgomery/reports/1.txt,/mnt/disk9/tianfeng/cvdp/cvdp_benchmark/research_outputs/two_stage_thinking_codegen/runs/full_codegen_t4_funnel_fixed_env/cvdp_copilot_montgomery/reports/1.txt,
cvdp_copilot_montgomery_0002,cid016,easy,functional,功能语义失败,True,False,True,True,0,1,1,0,1,1,0.00,False,agentic_or_passk,较难,assert 5 == 4,按近似程度分层：near-miss 用 focused harness + targeted invariant repair；zero-pass/大范围失败优先 agentic debug 或 pass@k；最后再判 finetune。,/mnt/disk9/tianfeng/cvdp/cvdp_benchmark/research_outputs/two_stage_thinking_codegen/runs/full_codegen_t4_funnel_fixed_env/cvdp_copilot_montgomery/reports/2.txt,/mnt/disk9/tianfeng/cvdp/cvdp_benchmark/research_outputs/two_stage_thinking_codegen/runs/full_codegen_t4_funnel_fixed_env/cvdp_copilot_montgomery/reports/2.txt,
cvdp_copilot_nbit_swizzling_0020,cid004,easy,functional,功能语义失败,True,False,True,True,0,5,5,0,5,5,0.00,False,agentic_or_passk,较难,TESTS=1 PASS=0 FAIL=1 SKIP=0,按近似程度分层：near-miss 用 focused harness + targeted invariant repair；zero-pass/大范围失败优先 agentic debug 或 pass@k；最后再判 finetune。,/mnt/disk9/tianfeng/cvdp/cvdp_benchmark/research_outputs/two_stage_thinking_codegen/runs/full_codegen_t4_funnel_fixed_env/cvdp_copilot_nbit_swizzling/reports/20.txt,/mnt/disk9/tianfeng/cvdp/cvdp_benchmark/research_outputs/two_stage_thinking_codegen/runs/full_codegen_t4_funnel_fixed_env/cvdp_copilot_nbit_swizzling/reports/20.txt,
cvdp_copilot_one_hot_address_0001,cid007,easy,functional,功能语义失败,True,False,True,True,0,17,17,1,16,17,0.06,False,semantic_repair_or_passk,中等可补救,assert 1 == 2,按近似程度分层：near-miss 用 focused harness + targeted invariant repair；zero-pass/大范围失败优先 agentic debug 或 pass@k；最后再判 finetune。,/mnt/disk9/tianfeng/cvdp/cvdp_benchmark/research_outputs/two_stage_thinking_codegen/runs/full_codegen_t4_funnel_fixed_env/cvdp_copilot_one_hot_address/reports/1_repair_1_sanity.txt,/mnt/disk9/tianfeng/cvdp/cvdp_benchmark/research_outputs/two_stage_thinking_codegen/runs/full_codegen_t4_funnel_fixed_env/cvdp_copilot_one_hot_address/reports/1_repair_1_sanity.txt,
cvdp_copilot_perceptron_0006,cid004,medium,functional,功能语义失败,True,False,True,True,0,1,1,0,1,1,0.00,False,agentic_or_passk,较难,"assert dut.percep_w1.value.signed_integer == 1, f""Expected w1=1, but got {dut.percep_w1.value}""",按近似程度分层：near-miss 用 focused harness + targeted invariant repair；zero-pass/大范围失败优先 agentic debug 或 pass@k；最后再判 finetune。,/mnt/disk9/tianfeng/cvdp/cvdp_benchmark/research_outputs/two_stage_thinking_codegen/runs/full_codegen_t4_funnel_fixed_env/cvdp_copilot_perceptron/reports/6.txt,/mnt/disk9/tianfeng/cvdp/cvdp_benchmark/research_outputs/two_stage_thinking_codegen/runs/full_codegen_t4_funnel_fixed_env/cvdp_copilot_perceptron/reports/6.txt,
cvdp_copilot_perceptron_0013,cid002,medium,functional,功能语义失败,True,False,True,True,0,1,1,0,1,1,0.00,False,agentic_or_passk,较难,"assert dut.percep_w1.value.signed_integer == 1, f""Expected w1=1, but got {dut.percep_w1.value}""",按近似程度分层：near-miss 用 focused harness + targeted invariant repair；zero-pass/大范围失败优先 agentic debug 或 pass@k；最后再判 finetune。,/mnt/disk9/tianfeng/cvdp/cvdp_benchmark/research_outputs/two_stage_thinking_codegen/runs/full_codegen_t4_funnel_fixed_env/cvdp_copilot_perceptron/reports/13.txt,/mnt/disk9/tianfeng/cvdp/cvdp_benchmark/research_outputs/two_stage_thinking_codegen/runs/full_codegen_t4_funnel_fixed_env/cvdp_copilot_perceptron/reports/13.txt,
cvdp_copilot_perf_counters_0001,cid003,easy,docker_timeout,仿真非终止/超时,True,False,True,True,0,0,0,0,0,0,,True,agentic_debug,中等可补救,pytest runner started then timed out before cocotb progress,优先 agentic/debug：先定位 RTL 状态机/ready-valid/循环终止条件；不建议简单延长 timeout。可对少量 case 做 thinking/pass@k ablation。,/mnt/disk9/tianfeng/cvdp/cvdp_benchmark/research_outputs/two_stage_thinking_codegen/runs/full_codegen_t4_funnel_fixed_env/cvdp_copilot_perf_counters/reports/1.txt,/mnt/disk9/tianfeng/cvdp/cvdp_benchmark/research_outputs/two_stage_thinking_codegen/runs/full_codegen_t4_funnel_fixed_env/cvdp_copilot_perf_counters/reports/1.txt,Timed out after 600s
cvdp_copilot_ping_pong_buffer_0001,cid002,easy,functional,功能语义失败,True,False,True,True,5,1,6,5,1,6,0.83,False,near_miss_repair,高可补救,assert Logic('0') != Logic('0'),按近似程度分层：near-miss 用 focused harness + targeted invariant repair；zero-pass/大范围失败优先 agentic debug 或 pass@k；最后再判 finetune。,/mnt/disk9/tianfeng/cvdp/cvdp_benchmark/research_outputs/two_stage_thinking_codegen/runs/full_codegen_t4_funnel_fixed_env/cvdp_copilot_ping_pong_buffer/reports/1.txt,/mnt/disk9/tianfeng/cvdp/cvdp_benchmark/research_outputs/two_stage_thinking_codegen/runs/full_codegen_t4_funnel_fixed_env/cvdp_copilot_ping_pong_buffer/reports/1.txt,
cvdp_copilot_pipeline_mac_0017,cid002,easy,functional,功能语义失败,True,False,True,True,0,9,9,2,7,9,0.22,False,semantic_repair_or_passk,中等可补救,assert 0 == 1,按近似程度分层：near-miss 用 focused harness + targeted invariant repair；zero-pass/大范围失败优先 agentic debug 或 pass@k；最后再判 finetune。,/mnt/disk9/tianfeng/cvdp/cvdp_benchmark/research_outputs/two_stage_thinking_codegen/runs/full_codegen_t4_funnel_fixed_env/cvdp_copilot_pipeline_mac/reports/17_repair_1.txt,/mnt/disk9/tianfeng/cvdp/cvdp_benchmark/research_outputs/two_stage_thinking_codegen/runs/full_codegen_t4_funnel_fixed_env/cvdp_copilot_pipeline_mac/reports/17_repair_1.txt,
cvdp_copilot_piso_0001,cid003,easy,functional,功能语义失败,True,False,True,True,0,5,5,1,4,5,0.20,False,semantic_repair_or_passk,中等可补救,"assert [0, 0, 0, 0, 0, 0, ...] == [0, 0, 0, 0, 0, 0, ...]",按近似程度分层：near-miss 用 focused harness + targeted invariant repair；zero-pass/大范围失败优先 agentic debug 或 pass@k；最后再判 finetune。,/mnt/disk9/tianfeng/cvdp/cvdp_benchmark/research_outputs/two_stage_thinking_codegen/runs/full_codegen_t4_funnel_fixed_env/cvdp_copilot_piso/reports/1_repair_1.txt,/mnt/disk9/tianfeng/cvdp/cvdp_benchmark/research_outputs/two_stage_thinking_codegen/runs/full_codegen_t4_funnel_fixed_env/cvdp_copilot_piso/reports/1_repair_1.txt,
cvdp_copilot_prbs_gen_0003,cid003,medium,functional,功能语义失败,True,False,True,True,0,54,54,0,54,54,0.00,False,agentic_or_passk,较难,assert 255 == 42,按近似程度分层：near-miss 用 focused harness + targeted invariant repair；zero-pass/大范围失败优先 agentic debug 或 pass@k；最后再判 finetune。,/mnt/disk9/tianfeng/cvdp/cvdp_benchmark/research_outputs/two_stage_thinking_codegen/runs/full_codegen_t4_funnel_fixed_env/cvdp_copilot_prbs_gen/reports/3.txt,/mnt/disk9/tianfeng/cvdp/cvdp_benchmark/research_outputs/two_stage_thinking_codegen/runs/full_codegen_t4_funnel_fixed_env/cvdp_copilot_prbs_gen/reports/3.txt,
cvdp_copilot_reed_solomon_encoder_and_decoder_0005,cid002,easy,functional,功能语义失败,True,False,True,True,0,10,10,0,10,10,0.00,False,agentic_or_passk,较难,assert '0x9a' == '0x1d',按近似程度分层：near-miss 用 focused harness + targeted invariant repair；zero-pass/大范围失败优先 agentic debug 或 pass@k；最后再判 finetune。,/mnt/disk9/tianfeng/cvdp/cvdp_benchmark/research_outputs/two_stage_thinking_codegen/runs/full_codegen_t4_funnel_fixed_env/cvdp_copilot_reed_solomon_encoder_and_decoder/reports/5.txt,/mnt/disk9/tianfeng/cvdp/cvdp_benchmark/research_outputs/two_stage_thinking_codegen/runs/full_codegen_t4_funnel_fixed_env/cvdp_copilot_reed_solomon_encoder_and_decoder/reports/5.txt,
cvdp_copilot_register_file_2R1W_0006,cid004,medium,functional,功能语义失败,True,False,True,True,0,1,1,0,1,1,0.00,False,agentic_or_passk,较难,assert 1 == 0,按近似程度分层：near-miss 用 focused harness + targeted invariant repair；zero-pass/大范围失败优先 agentic debug 或 pass@k；最后再判 finetune。,/mnt/disk9/tianfeng/cvdp/cvdp_benchmark/research_outputs/two_stage_thinking_codegen/runs/full_codegen_t4_funnel_fixed_env/cvdp_copilot_register_file_2R1W/reports/6.txt,/mnt/disk9/tianfeng/cvdp/cvdp_benchmark/research_outputs/two_stage_thinking_codegen/runs/full_codegen_t4_funnel_fixed_env/cvdp_copilot_register_file_2R1W/reports/6.txt,
cvdp_copilot_scrambler_0001,cid016,easy,functional,功能语义失败,True,False,True,True,0,2,2,0,2,2,0.00,False,agentic_or_passk,较难,assert 49577 == 49578,按近似程度分层：near-miss 用 focused harness + targeted invariant repair；zero-pass/大范围失败优先 agentic debug 或 pass@k；最后再判 finetune。,/mnt/disk9/tianfeng/cvdp/cvdp_benchmark/research_outputs/two_stage_thinking_codegen/runs/full_codegen_t4_funnel_fixed_env/cvdp_copilot_scrambler/reports/1.txt,/mnt/disk9/tianfeng/cvdp/cvdp_benchmark/research_outputs/two_stage_thinking_codegen/runs/full_codegen_t4_funnel_fixed_env/cvdp_copilot_scrambler/reports/1.txt,
cvdp_copilot_scrambler_0009,cid016,medium,functional,功能语义失败,True,False,True,True,0,36,36,0,36,36,0.00,False,agentic_or_passk,较难,assert 0 == 66,按近似程度分层：near-miss 用 focused harness + targeted invariant repair；zero-pass/大范围失败优先 agentic debug 或 pass@k；最后再判 finetune。,/mnt/disk9/tianfeng/cvdp/cvdp_benchmark/research_outputs/two_stage_thinking_codegen/runs/full_codegen_t4_funnel_fixed_env/cvdp_copilot_scrambler/reports/9.txt,/mnt/disk9/tianfeng/cvdp/cvdp_benchmark/research_outputs/two_stage_thinking_codegen/runs/full_codegen_t4_funnel_fixed_env/cvdp_copilot_scrambler/reports/9.txt,
cvdp_copilot_sdram_controller_0001,cid002,medium,functional,功能语义失败,True,False,True,True,0,1,1,0,1,1,0.00,False,agentic_or_passk,较难,assert Logic('0') == 1,按近似程度分层：near-miss 用 focused harness + targeted invariant repair；zero-pass/大范围失败优先 agentic debug 或 pass@k；最后再判 finetune。,/mnt/disk9/tianfeng/cvdp/cvdp_benchmark/research_outputs/two_stage_thinking_codegen/runs/full_codegen_t4_funnel_fixed_env/cvdp_copilot_sdram_controller/reports/1.txt,/mnt/disk9/tianfeng/cvdp/cvdp_benchmark/research_outputs/two_stage_thinking_codegen/runs/full_codegen_t4_funnel_fixed_env/cvdp_copilot_sdram_controller/reports/1.txt,
cvdp_copilot_secure_read_write_register_bank_0001,cid003,medium,functional,功能语义失败,True,False,True,True,0,1,1,0,1,1,0.00,False,agentic_or_passk,较难,"assert LogicArray('00000010', Range(7, 'downto', 0)) == 0",按近似程度分层：near-miss 用 focused harness + targeted invariant repair；zero-pass/大范围失败优先 agentic debug 或 pass@k；最后再判 finetune。,/mnt/disk9/tianfeng/cvdp/cvdp_benchmark/research_outputs/two_stage_thinking_codegen/runs/full_codegen_t4_funnel_fixed_env/cvdp_copilot_secure_read_write_register_bank/reports/1.txt,/mnt/disk9/tianfeng/cvdp/cvdp_benchmark/research_outputs/two_stage_thinking_codegen/runs/full_codegen_t4_funnel_fixed_env/cvdp_copilot_secure_read_write_register_bank/reports/1.txt,
cvdp_copilot_secure_variable_timer_0001,cid002,easy,functional,功能语义失败,True,False,True,True,0,1,1,0,1,1,0.00,False,agentic_or_passk,较难,"assert LogicArray('0000', Range(3, 'downto', 0)) == 6",按近似程度分层：near-miss 用 focused harness + targeted invariant repair；zero-pass/大范围失败优先 agentic debug 或 pass@k；最后再判 finetune。,/mnt/disk9/tianfeng/cvdp/cvdp_benchmark/research_outputs/two_stage_thinking_codegen/runs/full_codegen_t4_funnel_fixed_env/cvdp_copilot_secure_variable_timer/reports/1.txt,/mnt/disk9/tianfeng/cvdp/cvdp_benchmark/research_outputs/two_stage_thinking_codegen/runs/full_codegen_t4_funnel_fixed_env/cvdp_copilot_secure_variable_timer/reports/1.txt,
cvdp_copilot_sequencial_binary_to_one_hot_decoder_0001,cid003,easy,compile_elab,编译/展开失败,True,False,False,False,0,1,1,0,1,1,0.00,False,compile_repair,高可补救,"subprocess.CalledProcessError: Command '['iverilog', '-o', '/code/rundir/sim_build/sim.vvp', '-s', 'binary_to_one_hot_decoder_sequential', '-g2012', '-f', '/code/rundir/sim_build/cmds.f', '/code/rtl/binary_to_one_hot_decoder_sequential.v']' returned non-zero exit status 1.",优先自动补救：做 compile/elab-only repair，向模型提供 iverilog 命令、顶层名、参数化实例和首个报错；这类通常比语义失败更可救。,/mnt/disk9/tianfeng/cvdp/cvdp_benchmark/research_outputs/two_stage_thinking_codegen/runs/full_codegen_t4_funnel_fixed_env/cvdp_copilot_sequencial_binary_to_one_hot_decoder/reports/1.txt,/mnt/disk9/tianfeng/cvdp/cvdp_benchmark/research_outputs/two_stage_thinking_codegen/runs/full_codegen_t4_funnel_fixed_env/cvdp_copilot_sequencial_binary_to_one_hot_decoder/reports/1.txt,
cvdp_copilot_serial_in_parallel_out_0011,cid004,medium,compile_elab,编译/展开失败,True,False,True,True,0,10,10,0,10,10,0.00,False,compile_repair,高可补救,"subprocess.CalledProcessError: Command '['iverilog', '-o', '/code/rundir/sim_build/sim.vvp', '-s', 'sipo_top', '-g2012', '-Psipo_top.DATA_WIDTH=4', '-Psipo_top.SHIFT_DIRECTION=0', '-Psipo_top.CODE_WIDTH=7', '-f', '/code/rundir/sim_build/cmds.f', '/code/rtl/serial_in_parallel_out_",优先自动补救：做 compile/elab-only repair，向模型提供 iverilog 命令、顶层名、参数化实例和首个报错；这类通常比语义失败更可救。,/mnt/disk9/tianfeng/cvdp/cvdp_benchmark/research_outputs/two_stage_thinking_codegen/runs/full_codegen_t4_funnel_fixed_env/cvdp_copilot_serial_in_parallel_out/reports/11.txt,/mnt/disk9/tianfeng/cvdp/cvdp_benchmark/research_outputs/two_stage_thinking_codegen/runs/full_codegen_t4_funnel_fixed_env/cvdp_copilot_serial_in_parallel_out/reports/11.txt,
cvdp_copilot_serial_in_parallel_out_0014,cid004,medium,functional,功能语义失败,True,False,True,True,0,18,18,0,18,18,0.00,False,agentic_or_passk,较难,TESTS=1 PASS=0 FAIL=1 SKIP=0,按近似程度分层：near-miss 用 focused harness + targeted invariant repair；zero-pass/大范围失败优先 agentic debug 或 pass@k；最后再判 finetune。,/mnt/disk9/tianfeng/cvdp/cvdp_benchmark/research_outputs/two_stage_thinking_codegen/runs/full_codegen_t4_funnel_fixed_env/cvdp_copilot_serial_in_parallel_out/reports/14.txt,/mnt/disk9/tianfeng/cvdp/cvdp_benchmark/research_outputs/two_stage_thinking_codegen/runs/full_codegen_t4_funnel_fixed_env/cvdp_copilot_serial_in_parallel_out/reports/14.txt,
cvdp_copilot_sigma_delta_audio_0007,cid007,easy,functional,功能语义失败,True,False,True,True,10,1,11,10,1,11,0.91,False,near_miss_repair,高可补救,"assert subprocess.run(cmd, shell=True).returncode == 0, ""Linting return errors.""",按近似程度分层：near-miss 用 focused harness + targeted invariant repair；zero-pass/大范围失败优先 agentic debug 或 pass@k；最后再判 finetune。,/mnt/disk9/tianfeng/cvdp/cvdp_benchmark/research_outputs/two_stage_thinking_codegen/runs/full_codegen_t4_funnel_fixed_env/cvdp_copilot_sigma_delta_audio/reports/7_lint.txt,/mnt/disk9/tianfeng/cvdp/cvdp_benchmark/research_outputs/two_stage_thinking_codegen/runs/full_codegen_t4_funnel_fixed_env/cvdp_copilot_sigma_delta_audio/reports/7_lint.txt,
cvdp_copilot_simple_spi_0001,cid002,medium,functional,功能语义失败,True,False,True,True,0,1,1,0,1,1,0.00,False,agentic_or_passk,较难,"assert LogicArray('00', Range(1, 'downto', 0)) == 1",按近似程度分层：near-miss 用 focused harness + targeted invariant repair；zero-pass/大范围失败优先 agentic debug 或 pass@k；最后再判 finetune。,/mnt/disk9/tianfeng/cvdp/cvdp_benchmark/research_outputs/two_stage_thinking_codegen/runs/full_codegen_t4_funnel_fixed_env/cvdp_copilot_simple_spi/reports/1.txt,/mnt/disk9/tianfeng/cvdp/cvdp_benchmark/research_outputs/two_stage_thinking_codegen/runs/full_codegen_t4_funnel_fixed_env/cvdp_copilot_simple_spi/reports/1.txt,
cvdp_copilot_skid_buffer_0001,cid002,medium,functional,功能语义失败,True,False,True,True,0,1,1,0,1,1,0.00,False,agentic_or_passk,较难,TESTS=1 PASS=0 FAIL=1 SKIP=0,按近似程度分层：near-miss 用 focused harness + targeted invariant repair；zero-pass/大范围失败优先 agentic debug 或 pass@k；最后再判 finetune。,/mnt/disk9/tianfeng/cvdp/cvdp_benchmark/research_outputs/two_stage_thinking_codegen/runs/full_codegen_t4_funnel_fixed_env/cvdp_copilot_skid_buffer/reports/1.txt,/mnt/disk9/tianfeng/cvdp/cvdp_benchmark/research_outputs/two_stage_thinking_codegen/runs/full_codegen_t4_funnel_fixed_env/cvdp_copilot_skid_buffer/reports/1.txt,
cvdp_copilot_sobel_filter_0011,cid016,easy,functional,功能语义失败,True,False,True,True,0,1,1,0,1,1,0.00,False,agentic_or_passk,较难,assert 1 == 9,按近似程度分层：near-miss 用 focused harness + targeted invariant repair；zero-pass/大范围失败优先 agentic debug 或 pass@k；最后再判 finetune。,/mnt/disk9/tianfeng/cvdp/cvdp_benchmark/research_outputs/two_stage_thinking_codegen/runs/full_codegen_t4_funnel_fixed_env/cvdp_copilot_sobel_filter/reports/11.txt,/mnt/disk9/tianfeng/cvdp/cvdp_benchmark/research_outputs/two_stage_thinking_codegen/runs/full_codegen_t4_funnel_fixed_env/cvdp_copilot_sobel_filter/reports/11.txt,
cvdp_copilot_sorter_0003,cid004,medium,docker_timeout,仿真非终止/超时,True,False,True,True,0,0,0,0,0,0,,True,agentic_debug,中等可补救,entered cocotb/pytest then timed out without completing current test,优先 agentic/debug：先定位 RTL 状态机/ready-valid/循环终止条件；不建议简单延长 timeout。可对少量 case 做 thinking/pass@k ablation。,/mnt/disk9/tianfeng/cvdp/cvdp_benchmark/research_outputs/two_stage_thinking_codegen/runs/full_codegen_t4_funnel_fixed_env/cvdp_copilot_sorter/reports/3.txt,/mnt/disk9/tianfeng/cvdp/cvdp_benchmark/research_outputs/two_stage_thinking_codegen/runs/full_codegen_t4_funnel_fixed_env/cvdp_copilot_sorter/reports/3.txt,Timed out after 600s
cvdp_copilot_sorter_0009,cid002,easy,functional,功能语义失败,True,False,True,True,51,34,85,51,34,85,0.60,False,semantic_repair_or_passk,中等可补救,assert 13 == 10,按近似程度分层：near-miss 用 focused harness + targeted invariant repair；zero-pass/大范围失败优先 agentic debug 或 pass@k；最后再判 finetune。,/mnt/disk9/tianfeng/cvdp/cvdp_benchmark/research_outputs/two_stage_thinking_codegen/runs/full_codegen_t4_funnel_fixed_env/cvdp_copilot_sorter/reports/9.txt,/mnt/disk9/tianfeng/cvdp/cvdp_benchmark/research_outputs/two_stage_thinking_codegen/runs/full_codegen_t4_funnel_fixed_env/cvdp_copilot_sorter/reports/9.txt,
cvdp_copilot_sorter_0031,cid002,medium,functional,功能语义失败,True,False,True,True,0,26,26,21,109,130,0.16,False,semantic_repair_or_passk,中等可补救,assert 55 == 53,按近似程度分层：near-miss 用 focused harness + targeted invariant repair；zero-pass/大范围失败优先 agentic debug 或 pass@k；最后再判 finetune。,/mnt/disk9/tianfeng/cvdp/cvdp_benchmark/research_outputs/two_stage_thinking_codegen/runs/full_codegen_t4_funnel_fixed_env/cvdp_copilot_sorter/reports/31_repair_1.txt,/mnt/disk9/tianfeng/cvdp/cvdp_benchmark/research_outputs/two_stage_thinking_codegen/runs/full_codegen_t4_funnel_fixed_env/cvdp_copilot_sorter/reports/31_repair_1.txt,
cvdp_copilot_sorter_0057,cid007,easy,functional_and_synth_optimization,功能+综合优化失败,True,False,True,True,34,1,35,34,1,35,0.97,False,split_functional_synth,中等可补救,"assert error == 0, ""Error to remove previous synth log.""",拆开处理：先确认功能剩余失败，再单独给综合优化目标和 Yosys diff 做 repair；不要把 synth 优化失败混入功能能力判断。,/mnt/disk9/tianfeng/cvdp/cvdp_benchmark/research_outputs/two_stage_thinking_codegen/runs/full_codegen_t4_funnel_fixed_env/cvdp_copilot_sorter/reports/57_synth.txt,/mnt/disk9/tianfeng/cvdp/cvdp_benchmark/research_outputs/two_stage_thinking_codegen/runs/full_codegen_t4_funnel_fixed_env/cvdp_copilot_sorter/reports/57_synth.txt,
cvdp_copilot_sorter_0059,cid007,easy,docker_timeout,仿真非终止/超时,True,False,True,True,1,0,1,1,0,1,1.00,True,agentic_debug,中等可补救,entered cocotb/pytest then timed out without completing current test,优先 agentic/debug：先定位 RTL 状态机/ready-valid/循环终止条件；不建议简单延长 timeout。可对少量 case 做 thinking/pass@k ablation。,/mnt/disk9/tianfeng/cvdp/cvdp_benchmark/research_outputs/two_stage_thinking_codegen/runs/full_codegen_t4_funnel_fixed_env/cvdp_copilot_sorter/reports/59_sanity.txt,/mnt/disk9/tianfeng/cvdp/cvdp_benchmark/research_outputs/two_stage_thinking_codegen/runs/full_codegen_t4_funnel_fixed_env/cvdp_copilot_sorter/reports/59_sanity.txt,Timed out after 600s
cvdp_copilot_sprite_0004,cid002,medium,functional,功能语义失败,True,False,True,True,0,50,50,0,50,50,0.00,False,agentic_or_passk,较难,assert 1 == 0,按近似程度分层：near-miss 用 focused harness + targeted invariant repair；zero-pass/大范围失败优先 agentic debug 或 pass@k；最后再判 finetune。,/mnt/disk9/tianfeng/cvdp/cvdp_benchmark/research_outputs/two_stage_thinking_codegen/runs/full_codegen_t4_funnel_fixed_env/cvdp_copilot_sprite/reports/4.txt,/mnt/disk9/tianfeng/cvdp/cvdp_benchmark/research_outputs/two_stage_thinking_codegen/runs/full_codegen_t4_funnel_fixed_env/cvdp_copilot_sprite/reports/4.txt,
cvdp_copilot_static_branch_predict_0001,cid003,medium,functional,功能语义失败,True,False,True,True,0,1,1,0,1,1,0.00,False,agentic_or_passk,较难,TESTS=1 PASS=0 FAIL=1 SKIP=0,按近似程度分层：near-miss 用 focused harness + targeted invariant repair；zero-pass/大范围失败优先 agentic debug 或 pass@k；最后再判 finetune。,/mnt/disk9/tianfeng/cvdp/cvdp_benchmark/research_outputs/two_stage_thinking_codegen/runs/full_codegen_t4_funnel_fixed_env/cvdp_copilot_static_branch_predict/reports/1.txt,/mnt/disk9/tianfeng/cvdp/cvdp_benchmark/research_outputs/two_stage_thinking_codegen/runs/full_codegen_t4_funnel_fixed_env/cvdp_copilot_static_branch_predict/reports/1.txt,
cvdp_copilot_static_branch_predict_0014,cid002,medium,functional,功能语义失败,True,False,True,True,0,1,1,0,1,1,0.00,False,agentic_or_passk,较难,assert Logic('1') == 0,按近似程度分层：near-miss 用 focused harness + targeted invariant repair；zero-pass/大范围失败优先 agentic debug 或 pass@k；最后再判 finetune。,/mnt/disk9/tianfeng/cvdp/cvdp_benchmark/research_outputs/two_stage_thinking_codegen/runs/full_codegen_t4_funnel_fixed_env/cvdp_copilot_static_branch_predict/reports/14.txt,/mnt/disk9/tianfeng/cvdp/cvdp_benchmark/research_outputs/two_stage_thinking_codegen/runs/full_codegen_t4_funnel_fixed_env/cvdp_copilot_static_branch_predict/reports/14.txt,
cvdp_copilot_swizzler_0014,cid016,medium,functional,功能语义失败,True,False,True,True,1,8,9,1,8,9,0.11,False,semantic_repair_or_passk,中等可补救,assert 85 == 170,按近似程度分层：near-miss 用 focused harness + targeted invariant repair；zero-pass/大范围失败优先 agentic debug 或 pass@k；最后再判 finetune。,/mnt/disk9/tianfeng/cvdp/cvdp_benchmark/research_outputs/two_stage_thinking_codegen/runs/full_codegen_t4_funnel_fixed_env/cvdp_copilot_swizzler/reports/14.txt,/mnt/disk9/tianfeng/cvdp/cvdp_benchmark/research_outputs/two_stage_thinking_codegen/runs/full_codegen_t4_funnel_fixed_env/cvdp_copilot_swizzler/reports/14.txt,
cvdp_copilot_sync_lifo_0001,cid003,medium,functional,功能语义失败,True,False,True,True,0,5,5,0,5,5,0.00,False,agentic_or_passk,较难,TESTS=1 PASS=0 FAIL=1 SKIP=0,按近似程度分层：near-miss 用 focused harness + targeted invariant repair；zero-pass/大范围失败优先 agentic debug 或 pass@k；最后再判 finetune。,/mnt/disk9/tianfeng/cvdp/cvdp_benchmark/research_outputs/two_stage_thinking_codegen/runs/full_codegen_t4_funnel_fixed_env/cvdp_copilot_sync_lifo/reports/1.txt,/mnt/disk9/tianfeng/cvdp/cvdp_benchmark/research_outputs/two_stage_thinking_codegen/runs/full_codegen_t4_funnel_fixed_env/cvdp_copilot_sync_lifo/reports/1.txt,
cvdp_copilot_sync_serial_communication_0001,cid003,medium,compile_elab,编译/展开失败,True,False,True,True,0,20,20,0,20,20,0.00,False,compile_repair,高可补救,"subprocess.CalledProcessError: Command '['iverilog', '-o', '/code/rundir/sim_build/sim.vvp', '-s', 'sync_serial_communication_tx_rx', '-g2012', '-f', '/code/rundir/sim_build/cmds.f', '/code/rtl/sync_serial_communication_top.sv']' returned non-zero exit status 1.",优先自动补救：做 compile/elab-only repair，向模型提供 iverilog 命令、顶层名、参数化实例和首个报错；这类通常比语义失败更可救。,/mnt/disk9/tianfeng/cvdp/cvdp_benchmark/research_outputs/two_stage_thinking_codegen/runs/full_codegen_t4_funnel_fixed_env/cvdp_copilot_sync_serial_communication/reports/1.txt,/mnt/disk9/tianfeng/cvdp/cvdp_benchmark/research_outputs/two_stage_thinking_codegen/runs/full_codegen_t4_funnel_fixed_env/cvdp_copilot_sync_serial_communication/reports/1.txt,
cvdp_copilot_sync_serial_communication_0014,cid004,easy,functional,功能语义失败,True,False,True,True,0,20,20,0,20,20,0.00,False,agentic_or_passk,较难,assert Logic('1') == 0,按近似程度分层：near-miss 用 focused harness + targeted invariant repair；zero-pass/大范围失败优先 agentic debug 或 pass@k；最后再判 finetune。,/mnt/disk9/tianfeng/cvdp/cvdp_benchmark/research_outputs/two_stage_thinking_codegen/runs/full_codegen_t4_funnel_fixed_env/cvdp_copilot_sync_serial_communication/reports/14.txt,/mnt/disk9/tianfeng/cvdp/cvdp_benchmark/research_outputs/two_stage_thinking_codegen/runs/full_codegen_t4_funnel_fixed_env/cvdp_copilot_sync_serial_communication/reports/14.txt,
cvdp_copilot_sync_serial_communication_0052,cid007,medium,functional_and_synth_optimization,功能+综合优化失败,True,False,True,True,16,5,21,16,5,21,0.76,False,split_functional_synth,中等可补救,"assert 2183 == LogicArray('0000000000000000000000000000000000000000000000000000100010000110', Range(63, 'downto', 0))",拆开处理：先确认功能剩余失败，再单独给综合优化目标和 Yosys diff 做 repair；不要把 synth 优化失败混入功能能力判断。,/mnt/disk9/tianfeng/cvdp/cvdp_benchmark/research_outputs/two_stage_thinking_codegen/runs/full_codegen_t4_funnel_fixed_env/cvdp_copilot_sync_serial_communication/reports/52_sanity.txt,/mnt/disk9/tianfeng/cvdp/cvdp_benchmark/research_outputs/two_stage_thinking_codegen/runs/full_codegen_t4_funnel_fixed_env/cvdp_copilot_sync_serial_communication/reports/52_sanity.txt;/mnt/disk9/tianfeng/cvdp/cvdp_benchmark/research_outputs/two_stage_thinking_codegen/runs/full_codegen_t4_funnel_fixed_env/cvdp_copilot_sync_serial_communication/reports/52_synth.txt,
cvdp_copilot_ttc_lite_0001,cid003,medium,functional,功能语义失败,True,False,True,True,0,1,1,0,1,1,0.00,False,agentic_or_passk,较难,assert 0 == 10,按近似程度分层：near-miss 用 focused harness + targeted invariant repair；zero-pass/大范围失败优先 agentic debug 或 pass@k；最后再判 finetune。,/mnt/disk9/tianfeng/cvdp/cvdp_benchmark/research_outputs/two_stage_thinking_codegen/runs/full_codegen_t4_funnel_fixed_env/cvdp_copilot_ttc_lite/reports/1.txt,/mnt/disk9/tianfeng/cvdp/cvdp_benchmark/research_outputs/two_stage_thinking_codegen/runs/full_codegen_t4_funnel_fixed_env/cvdp_copilot_ttc_lite/reports/1.txt,
cvdp_copilot_vending_machine_0001,cid003,medium,functional,功能语义失败,True,False,True,True,0,10,10,0,10,10,0.00,False,agentic_or_passk,较难,assert Logic('1') == 0,按近似程度分层：near-miss 用 focused harness + targeted invariant repair；zero-pass/大范围失败优先 agentic debug 或 pass@k；最后再判 finetune。,/mnt/disk9/tianfeng/cvdp/cvdp_benchmark/research_outputs/two_stage_thinking_codegen/runs/full_codegen_t4_funnel_fixed_env/cvdp_copilot_vending_machine/reports/1.txt,/mnt/disk9/tianfeng/cvdp/cvdp_benchmark/research_outputs/two_stage_thinking_codegen/runs/full_codegen_t4_funnel_fixed_env/cvdp_copilot_vending_machine/reports/1.txt,
cvdp_copilot_virtual2physical_tlb_0001,cid002,medium,functional,功能语义失败,True,False,True,True,0,10,10,0,10,10,0.00,False,agentic_or_passk,较难,assert 0 == 1,按近似程度分层：near-miss 用 focused harness + targeted invariant repair；zero-pass/大范围失败优先 agentic debug 或 pass@k；最后再判 finetune。,/mnt/disk9/tianfeng/cvdp/cvdp_benchmark/research_outputs/two_stage_thinking_codegen/runs/full_codegen_t4_funnel_fixed_env/cvdp_copilot_virtual2physical_tlb/reports/1.txt,/mnt/disk9/tianfeng/cvdp/cvdp_benchmark/research_outputs/two_stage_thinking_codegen/runs/full_codegen_t4_funnel_fixed_env/cvdp_copilot_virtual2physical_tlb/reports/1.txt,
cvdp_copilot_wb2ahb_0001,cid003,medium,functional,功能语义失败,True,False,True,True,0,1,1,0,1,1,0.00,False,agentic_or_passk,较难,assert Logic('0') == 1,按近似程度分层：near-miss 用 focused harness + targeted invariant repair；zero-pass/大范围失败优先 agentic debug 或 pass@k；最后再判 finetune。,/mnt/disk9/tianfeng/cvdp/cvdp_benchmark/research_outputs/two_stage_thinking_codegen/runs/full_codegen_t4_funnel_fixed_env/cvdp_copilot_wb2ahb/reports/1.txt,/mnt/disk9/tianfeng/cvdp/cvdp_benchmark/research_outputs/two_stage_thinking_codegen/runs/full_codegen_t4_funnel_fixed_env/cvdp_copilot_wb2ahb/reports/1.txt,
